"ONTOLOGY","ID","Description","GeneRatio","BgRatio","RichFactor","FoldEnrichment","zScore","pvalue","p.adjust","qvalue","geneID","Count","Description_raw","log2_OE","neglog10p"
"BP","GO:0060537","muscle tissue development","7/33","453/18860",0.0154525386313466,8.83135995718777,7.06350927698359,1.09519567526028e-05,0.00865946217290276,0.00653421027949652,"HIVEP3/CDON/TENM4/TBX5/STRA6/BCL2/EYA2",7,"muscle tissue development",3.14263561821537,4.96050827982504
"BP","GO:0060065","uterus development","3/33","28/18860",0.107142857142857,61.2337662337662,13.3535442823716,1.55187494138042e-05,0.00865946217290276,0.00653421027949652,"STRA6/HOXA10/HOXA9",3,"uterus development",5.93625551486756,4.80914327950613
"BP","GO:0001708","cell fate specification","4/33","112/18860",0.0357142857142857,20.4112554112554,8.62602876083922,4.22227717150399e-05,0.0157068710779949,0.0118520060954498,"CDON/TENM4/TBX5/EYA2",4,"cell fate specification",4.3512930141464,4.37445326081906
"BP","GO:0014706","striated muscle tissue development","6/33","430/18860",0.013953488372093,7.97463002114165,6.12517461365079,8.91157765301034e-05,0.0248633016518988,0.0187612161116007,"HIVEP3/CDON/TENM4/TBX5/BCL2/EYA2",6,"striated muscle tissue development",2.9954175873357,4.05004540422976
"BP","GO:0045165","cell fate commitment","5/33","304/18860",0.0164473684210526,9.39992025518341,6.18152331853606,0.00017254079794351,0.0385111061009914,0.0290595028115385,"CDON/TENM4/TBX5/BCL2/EYA2",5,"cell fate commitment",3.23264851764778,3.7631081978267
"BP","GO:0060911","cardiac cell fate commitment","2/33","14/18860",0.142857142857143,81.6450216450216,12.6373998289079,0.000266645050699406,0.0462146378980641,0.0348723923018782,"TENM4/TBX5",2,"cardiac cell fate commitment",6.3512930141464,3.57406647301199
"BP","GO:2000671","regulation of motor neuron apoptotic process","2/33","15/18860",0.133333333333333,76.2020202020202,12.1983981667445,0.000307330585733595,0.0462146378980641,0.0348723923018782,"BCL2/KCNB1",2,"regulation of motor neuron apoptotic process",6.25175734059549,3.51239421633221
"BP","GO:0051092","positive regulation of NF-kappaB transcription factor activity","3/33","80/18860",0.0375,21.4318181818182,7.66707927381238,0.000365816220428166,0.0462146378980641,0.0348723923018782,"AIM2/ROR1/CLU",3,"positive regulation of NF-kappaB transcription factor activity",4.4216823420378,3.43673704165275
"BP","GO:0060538","skeletal muscle organ development","4/33","197/18860",0.0203045685279188,11.6043685586833,6.26401713901769,0.000372698692726323,0.0462146378980641,0.0348723923018782,"HIVEP3/CDON/STRA6/BCL2",4,"skeletal muscle organ development",3.53659611674763,3.42864213056985
"CC","GO:0097060","synaptic membrane","5/33","449/19944",0.0111358574610245,6.7301073091719,4.99953927366303,0.000797768461283105,0.0458717270149231,0.0367682601857906,"CADM3/CSMD2/GRIN2A/KCNB1/TENM2",5,"synaptic membrane",2.75062950827926,3.09812313694252
"CC","GO:0046930","pore complex","2/33","26/19944",0.0769230769230769,46.4895104895105,9.44888910013777,0.000841683064494002,0.0458717270149231,0.0367682601857906,"BCL2/C5",2,"pore complex",5.53883332999195,3.07485141117601
