"XIST_only","DKO_only","overlap"
"A3GALT2","ANKRD65","AIM2"
"ACKR1","ANKRD65-AS1","CADM3"
"ADORA1","CDK11A","CSMD2"
"ADORA2BP1","MORN1","CSMD2-AS1"
"AL359753.1","PLCH2","HIVEP3"
"AL451006.1","MMEL1","ITGB3BP"
"AL513327.1","TP73-AS2","OR6N1"
"AL583832.1","RNF207","PLEKHA6"
"AL591704.5","LZIC","ROR1"
"AL591704.7","CENPS","C10ORF105"
"AL591704.9","CORT","KCNMA1-AS2"
"ALDH4A1","NPPA","ANKK1"
"ARHGEF10L","DHRS3","CDON"
"ASCL5","KAZN-AS1","CEP164"
"ASTN1","CELA2A","LINC00900"
"BTG2","CELA2B","TENM4"
"C1ORF132","FAM131C","TRIM29"
"C1ORF147","NBPF1","TTC12"
"C1ORF68","AKR7A2","CACNA1C-AS3"
"C1ORF95","VWA5B1","FLJ12825"
"C1QB","HP1BP3","TBX5"
"CACNA1E","WNT4","TBX5-AS1"
"CADM3-AS1","NCMAP-DT","CMTM5"
"CAMK1G","UBXN11","STRA6"
"CAMTA1","PIGV","CNGB1"
"CD1A","FAM76A","GRIN2A"
"CD1B","EPB41","RBFOX1"
"CD1D","ZBTB8B","VAT1L"
"CD1E","SYNC","KRT9"
"CD34","FNDC5","LINC00469"
"CDK18","RSPO1","PITPNM3"
"CHI3L1","CDCA8","TTYH2"
"CHIT1","RRAGC-DT","BCL2"
"CNTN2","RHBDL2","RNF165"
"ELL2P1","LINC02811","EYA2"
"EPHB2","MYCL","KCNB1"
"FCAMR","FOXO6","ENTHD1"
"FMOD","EDN2","TENM2"
"FTLP18","GUCA2B","HOXA10"
"G0S2","MED8-AS1","HOXA9"
"GM140","IPO13","PLXNA4"
"GNPAT","SLC6A9","SKAP2"
"GOLT1A","TMEM53","CLU"
"GRIK3","LINC01144","C5"
"HHAT","TOE1",NA
"HMGB4","TMEM275",NA
"HSD11B1","STIL",NA
"HSPD1P14","BEND5",NA
"IFI16","PODN",NA
"IGFN1","CZIB",NA
"IKBKE","MAGOH",NA
"IPO9-AS1","LEXM",NA
"IVL","LOC105378736",NA
"KCNA10","PLPP3",NA
"KCND3","JUN",NA
"KCNH1","FGGY-DT",NA
"KCNH1-IT1","CYP2J2",NA
"KISS1","KANK4",NA
"KPRP","USP1",NA
"LAD1","DIRAS3",NA
"LAMB3","DEPDC1",NA
"LARP7P1","DEPDC1-AS2",NA
"LCE1B","DEPDC1-AS1",NA
"LCE2B","FPGT",NA
"LCE2C","TTLL7-IT1",NA
"LCE2D","LINC02801",NA
"LCE3A","LMO4",NA
"LCE3C","ALG14",NA
"LCE3E","PALMD",NA
"LCE4A","EXTL2",NA
"LELP1","DPH5-DT",NA
"LINC00302","OLFM3",NA
"LINC00862","COL11A1",NA
"LINC01136","AKNAD1",NA
"LINC01138","SPATA42",NA
"LINC01353","SARS1",NA
"LINC01527","PSRC1",NA
"LOR","MYBPHL",NA
"LRRN2","GSTM5",NA
"MEGF6","LINC01160",NA
"MIR4255","BCL2L15",NA
"MIR4260","DCLRE1B",NA
"MIR4695","AMPD1",NA
"MIR488","LINC01649",NA
"MIR551A","CD101",NA
"MNDA","TRIM45",NA
"MYBPH","WARS2-IT1",NA
"MYOG","HAO2",NA
"NAV1","LOC101929178",NA
"NFASC","NBPF26",NA
"NPM1P40","ANKRD35",NA
"OPTC","LOC105371254",NA
"OR10AA1P","NBPF14",NA
"OR10R1P","PDE4DIP",NA
"OR10R3P","LOC124904411",NA
"OR2AQ1P","H3C14",NA
"OR6K1P","H2AC19",NA
"OR6K2","H2BC21",NA
"OR6K3","H2AC20",NA
"OR6K4P","H2AC21",NA
"OR6K5P","MINDY1",NA
"OR6K6","MLLT11",NA
"OR6N2","RIIAD1",NA
"PAX7","THEM4",NA
"PGLYRP3","SNAPIN",NA
"PGLYRP4","DCST1-AS1",NA
"PGM1","DPM3",NA
"PHC2","MUC1",NA
"PIGR","HCN3",NA
"PKP1","BGLAP",NA
"PLXNA2","TMEM79",NA
"PPFIA4","CRABP2",NA
"PRELP","SNHG28",NA
"PRR9","IGSF9",NA
"PYHIN1","PIGM",NA
"RAD1P2","ATP1A2",NA
"RASSF5","CD48",NA
"RBBP5","USP21",NA
"RN7SKP16","DDR2",NA
"RN7SL130P","CCDC190",NA
"RNA5SP43","NUF2",NA
"RNA5SP60","RXRG",NA
"RNA5SP70","LRRC52-AS1",NA
"RNA5SP75","TMCO1",NA
"RNU1-8P","FAM78B",NA
"RNU5A-8P","MAEL",NA
"RNU6-160P","GPR161",NA
"RNVU1-3","PRRX1",NA
"ROR1-AS1","DNM3-IT1",NA
"RP1-140J1.1","BRINP2",NA
"RP1-140J1.4","TEX35",NA
"RP1-20N18.4","OVAAL",NA
"RP1-272L16.1","BRINP3",NA
"RP1-28O10.1","BRINP3-DT",NA
"RP1-43O17.1","LINC02770",NA
"RP1-43O17.2","B3GALT2",NA
"RP1-52J10.9","ASPM",NA
"RP1-8B22.2","C1ORF53",NA
"RP11-144L1.4","PTPRC-AS1",NA
"RP11-144L1.8","KIF14",NA
"RP11-203F10.1","CACNA1S",NA
"RP11-203F10.5","TNNI1",NA
"RP11-203F10.6","SHISA4",NA
"RP11-23I7.1","LMOD1",NA
"RP11-25B7.1","GPR37L1",NA
"RP11-2P2.1","UBE2T",NA
"RP11-328D5.1","SYT2-AS1",NA
"RP11-335O13.7","SNRPE",NA
"RP11-335O13.8","LEMD1-DT",NA
"RP11-404O13.1","SERTAD4-AS1",NA
"RP11-415J8.3","SERTAD4",NA
"RP11-415J8.5","NEK2",NA
"RP11-430C7.4","DTL",NA
"RP11-430C7.5","LINC02775",NA
"RP11-435P24.2","CENPF",NA
"RP11-451O13.1","RRP15",NA
"RP11-494K3.2","LYPLAL1-AS1",NA
"RP11-504A18.1","LOC105372984",NA
"RP11-532L16.1","DISP1",NA
"RP11-532L16.3","LOC101927143",NA
"RP11-534L20.5","LBR",NA
"RP11-536L3.4","PYCR2",NA
"RP11-567E21.3","LOC105373289",NA
"RP11-75I2.3","H2AC25",NA
"RP11-88H9.2","SLC35F3",NA
"RP13-279N23.2","LINC01354",NA
"RP4-549F15.1","LINC00184",NA
"RP4-614N24.1","GNG4",NA
"RP5-1180C18.1","EXO1",NA
"RP5-879K22.1","LOC102724446",NA
"RP5-965F6.2","OR2L2",NA
"RPS29P6","LOC105373422",NA
"S100A12","HPCAL1",NA
"S100A7","ODC1",NA
"S100A7A","C2ORF50",NA
"S100A7L2","LINC03037",NA
"S100A8","LPIN1",NA
"S100A9","LOC105373440",NA
"SMCP","TTC32",NA
"SMIM12","SDC1",NA
"SPRR1A","GDF7",NA
"SPRR1B","LOC100507562",NA
"SPRR2A","PFN4",NA
"SPRR2B","FAM166C",NA
"SPRR2C","CENPA",NA
"SPRR2D","LINC01946",NA
"SPRR2E","RMDN2",NA
"SPRR2G","SRSF7",NA
"SPRR3","MORN2",NA
"SPRR4","C1GALT1C1L",NA
"TAS1R2","LINC01820",NA
"TMEM81","GPR75",NA
"TMEM9","CFAP36",NA
"TNNT2","EFEMP1",NA
"TNR","BCL11A",NA
"TRAF3IP3","FAM161A",NA
"TTC34","TMEM17",NA
"ADARB2","LINC01797",NA
"ADARB2-AS1","ASPRV1",NA
"ADRA2A","DGUOK-AS1",NA
"AL138925.1","BOLA3-DT",NA
"AL731561.1","LOXL3",NA
"AL731568.1","SH2D6",NA
"C10ORF11","LOC105374852",NA
"C10ORF120","ANKRD36BP2",NA
"C10ORF128","IGKC",NA
"C10ORF71","MAL-AS1",NA
"C10ORF71-AS1","MAL",NA
"CDH23","KCNIP3",NA
"CDH23-AS1","LINC03052",NA
"COL13A1","ITPRIPL1",NA
"COX6CP15","NCAPH",NA
"CPXM2","LOC105373496",NA
"CXCL12","LOC100506076",NA
"DMBT1","APPAT",NA
"GDF10","LINC02611",NA
"GDF2","C2ORF15",NA
"KCNMA1","LONRF2",NA
"KCNMA1-AS1","PDCL3",NA
"KCNMA1-AS3","TBC1D8-AS1",NA
"KLF6","IL18R1",NA
"LINC00702","LINC01796",NA
"LINC00856","TGFBRAP1-AS1",NA
"MTND1P20","ECRG4",NA
"MTND2P15","SH3RF3-AS1",NA
"NEUROG3","MTLN",NA
"RBP3","FBLN7",NA
"RP11-184A2.2","CKAP2L",NA
"RP11-184A2.3","LOC124907871",NA
"RP11-318C4.3","FOXD4L1",NA
"RP11-343J3.2","LINC01956",NA
"RP11-343J3.5","EN1",NA
"RP11-343J3.6","MARCO",NA
"RP11-343J3.7","CFAP221",NA
"RP11-432J9.3","SFT2D3",NA
"RP11-432J9.6","LINC02572",NA
"RP11-479A21.1","POTEF",NA
"RP11-482E14.1","MED15P9",NA
"RP11-89K18.1","CCDC74B",NA
"RP11-90J7.4","LINC01120",NA
"RPL5P26","CCDC74A",NA
"SLC29A3","LCT",NA
"SORCS3","CACNB4",NA
"UNC5B","NR4A2",NA
"WDFY4","GALNT5",NA
"ZMIZ1-AS1","LINC02478",NA
"ABCC8","LOC101929532",NA
"AC074191.1","FAP",NA
"AC084859.1","SPC25",NA
"ANO1","BBS5",NA
"AP000770.1","CHRNA1",NA
"AP000797.1","CHN1",NA
"AP000797.2","HOXD13",NA
"AP000797.3","HOXD-AS2",NA
"AP000797.4","HOXD8",NA
"AP000908.1","LINC01116",NA
"AP000997.2","LOC105373757",NA
"AP000997.3","SESTD1",NA
"ARNTL","ZNF385B",NA
"BTBD10","ITGA4",NA
"CADM1","ASDURF",NA
"CD5","SGO2",NA
"CD6","TMEM237",NA
"CENPUP1","LINC01802",NA
"COPB1","BARD1",NA
"CTC-497E21.3","ABCA12",NA
"CTC-774J1.1","MREG",NA
"CTD-2210P24.1","LINC01963",NA
"CTD-2234N14.1","IGFBP5",NA
"DRD2","CXCR2",NA
"DSCAML1","PNKD",NA
"FAR1","ABCB6",NA
"FLI1","TMEM198",NA
"FXYD2","SLC4A3",NA
"GRIK4","FARSB",NA
"HTR3A","ACSL3-AS1",NA
"HTR3B","DAW1",NA
"IFITM9P","FBXO36-IT1",NA
"INSC","LINC01907",NA
"KCNC1","HJURP",NA
"KCNJ11","COPS8",NA
"KIRREL3","ERFE",NA
"KIRREL3-AS1","LINC01107",NA
"KIRREL3-AS2","COPS9",NA
"KIRREL3-AS3","GPC1",NA
"LINC00958","AQP12B",NA
"MICAL2","CROCC2",NA
"MICALCL","TANAR",NA
"MIR139","DTYMK",NA
"MIR3167","CAV3",NA
"MIR4694","RAD18",NA
"MIR6124","SRGAP3-AS3",NA
"MYEOV","THUMPD3",NA
"MYOD1","TADA3",NA
"NAV2","HDAC11",NA
"NAV2-AS2","FBLN2",NA
"NAV2-AS4","TMEM43",NA
"NAV2-AS5","C3ORF20",NA
"NAV2-IT1","FGD5-AS1",NA
"NCAM1","EAF1-AS1",NA
"NCAM1-AS1","COLQ",NA
"NNMT","SGO1",NA
"OPCML","SGO1-AS1",NA
"OTOG","UBE2E2-DT",NA
"PDE2A","RARB",NA
"PKNOX2","LOC124909362",NA
"PLEKHA7","LYZL4",NA
"POU2AF1","CYP8B1",NA
"PVRL1","KIF15",NA
"RASSF10","TGM4",NA
"RN7SKP151","LZTFL1",NA
"RNA5SP331","LRRC2-AS1",NA
"RNA5SP332","PRSS50",NA
"RNU6-933P","CDC25A",NA
"RNU7-49P","ARIH2OS",NA
"RP11-115C10.1","P4HTM",NA
"RP11-140L24.3","KLHDC8B",NA
"RP11-159N11.3","TRAIP",NA
"RP11-168K9.1","MON1A",NA
"RP11-168K9.2","C3ORF18",NA
"RP11-196E1.3","CISH",NA
"RP11-21L19.1","PARP3",NA
"RP11-231N3.1","PCBP4",NA
"RP11-23B7.4","ABHD14A",NA
"RP11-265D17.2","ITIH4",NA
"RP11-27G22.1","SELENOK",NA
"RP11-358H18.2","ARHGEF3-AS1",NA
"RP11-358H18.3","PDE12",NA
"RP11-359E10.1","HTD2",NA
"RP11-396O20.1","CADPS",NA
"RP11-396O20.2","C3ORF49",NA
"RP11-413N13.1","PSMD6-AS1",NA
"RP11-50B3.2","LINC00994",NA
"RP11-531H8.2","LOC105377146",NA
"RP11-583F24.3","GXYLT2",NA
"RP11-583F24.4","ROBO2",NA
"RP11-627G23.1","CADM2",NA
"RP11-643C9.2","LINC00506",NA
"RP11-64D24.2","DHFR2",NA
"RP11-688I9.2","IFT57",NA
"RP11-688I9.4","MYH15",NA
"RP11-688I9.5","CIP2A",NA
"RP11-744N12.3","GCSAM",NA
"RP11-756D7.1","LOC105374042",NA
"RP11-839D17.3","BOC",NA
"RP11-881M11.4","CFAP44",NA
"RP11-881M11.8","CFAP44-AS1",NA
"RP11-98J9.1","LSAMP-AS1",NA
"RP11-98J9.2","GPR156",NA
"RP11-98J9.3","STXBP5L",NA
"RRAS2","ADCY5",NA
"SDHCP4","LOC105374312",NA
"SENCR","FAM86JP",NA
"SERGEF","ALDH1L1-AS1",NA
"SLC15A3","LOC124909426",NA
"SPON1","TXNRD3",NA
"ST3GAL4","MCM2",NA
"TEAD1","IFT122P3",NA
"TMEM109","ACAD9-DT",NA
"TMEM132A","FAM86HP",NA
"TMPRSS4","NUDT16",NA
"TMPRSS4-AS1","TMEM108",NA
"USH1C","LINC02029",NA
"VPS37C","GOLIM4",NA
"ZBTB16","SLC7A14-AS1",NA
"AC007618.3","NAALADL2-AS2",NA
"ANO2","NAALADL2-AS1",NA
"BTBD11","LOC105374243",NA
"C12ORF80","EIF2B5-DT",NA
"CACNA1C","POLR2H",NA
"CACNA1C-AS1","CHRD",NA
"CACNA1C-AS2","NMRAL2P",NA
"CCND2-AS1","CLDN1",NA
"CRACR2A","LINC02924",NA
"DYNLL1P4","LINC02048",NA
"GALNT8","LINC01968",NA
"GLULP5","DYNLT2B",NA
"HAUS8P1","TACC3",NA
"KCNA1","FGFR3",NA
"KCNA5","MSANTD1",NA
"KCNA6","FAM86EP",NA
"KRT7","NSG1",NA
"KRT80","STK32B",NA
"KRT81","LINC02481",NA
"KRT86","LINC02447",NA
"KRT87P","LOC124900669",NA
"KSR2","C1QTNF7",NA
"LINC00592","FAM200B",NA
"LINC01234","NCAPG",NA
"METTL7AP1","KCNIP4",NA
"MYO1H","LOC105374516",NA
"NOS1","LINC02265",NA
"NTF3","CHRNA9",NA
"PARP11","GNPDA2",NA
"PDE1B","GABRA4",NA
"RBM19","CWH43",NA
"RIMBP2","SGCB",NA
"RN7SKP216","ADGRL3",NA
"RNA5SP371","ODAM",NA
"RNU6-174P","JCHAIN",NA
"RP11-100F15.2","DCK",NA
"RP11-1028N23.2","ADAMTS3",NA
"RP11-1028N23.3","LINC00575",NA
"RP11-1028N23.4","SCD5",NA
"RP11-1038A11.1","SPP1",NA
"RP11-116D17.2","BMPR1B-DT",NA
"RP11-139B1.1","BMPR1B",NA
"RP11-143E21.2","ADH6",NA
"RP11-143E21.3","ADH1C",NA
"RP11-234B24.4","LAMTOR3",NA
"RP11-364C11.3","H2AZ1",NA
"RP11-429A20.2","DDIT4L-AS1",NA
"RP11-429A20.3","TACR3",NA
"RP11-429A20.4","CYP2U1-AS1",NA
"RP11-664D1.1","LEF1",NA
"RP11-834C11.4","CFI",NA
"RP11-834C11.5","GAR1",NA
"RP11-845M18.7","TIFA",NA
"RP3-377H17.2","TRAM1L1",NA
"RP3-416H24.1","LINC02264",NA
"RPH3A","SMIM43",NA
"SRRM4","CCNA2",NA
"TMEM132B","TRPC3",NA
"UBA52P7","LOC102724158",NA
"AC007375.1","PLK4",NA
"AE000661.37","PCDH10-DT",NA
"AL133167.1","PCDH10",NA
"CTD-2201G16.1","LINC02511",NA
"EFS","LINC02510",NA
"ESRRB","SLC7A11-AS1",NA
"GPATCH2L","SLC7A11",NA
"IL25","MGARP",NA
"MIR208A","NDUFC1",NA
"MIR208B","TBC1D9-AS1",NA
"MYH6","SMARCA5-AS1",NA
"MYH7","MAB21L2",NA
"NRXN3","MND1",NA
"RP11-124D2.3","SFRP2",NA
"RP11-185P18.2","PLRG1",NA
"RP11-187O7.3","LRAT",NA
"RP11-361H10.3","MAP9",NA
"RP11-361H10.5","GLRB",NA
"RP11-463C8.4","LOC101928007",NA
"RP11-516J2.1","C4ORF46",NA
"SLC22A17","TRIM75",NA
"TMEM63C","PALLD-AS1",NA
"TRAC","HPF1",NA
"TRDC","LOC124900869",NA
"TRDD3","HMGB2",NA
"TRDJ1","SAP30",NA
"TRDJ2","SCRG1",NA
"TRDJ3","NEIL3",NA
"TRDJ4","LOC124900818",NA
"TUNAR","LINC00290",NA
"AC007950.2","LINC02500",NA
"C15ORF59","TEMN3-AS1",NA
"CCDC33","CENPU",NA
"CORO2B","LINC02436",NA
"CTD-2071N1.1","EXOC3-AS1",NA
"CTD-2071N1.2","LOC124901165",NA
"CTD-2632K10.1","IRX2",NA
"HCN4","IRX2-DT",NA
"ISLR","IRX1",NA
"ITGA11","LINC02199",NA
"LINGO1","SEMA5A-AS1",NA
"MED28P6","LINC02212",NA
"NTRK3","OTULINL",NA
"PCAT29","LINC02149",NA
"RP11-208K4.1","LINC02218",NA
"RP11-272D12.1","TTC23L-AS1",NA
"RP11-279F6.1","CPLANE1-AS1",NA
"RP11-60L3.1","LOC105374736",NA
"RP11-60L3.2","OXCT1",NA
"RP11-60L3.3","FBXO4",NA
"RP11-665J16.1","HMGCS1",NA
"RP11-8P11.3","C5ORF34",NA
"RP11-8P11.4","LINC02105",NA
"THSD4","IL31RA",NA
"TLE3","RAB3C",NA
"USP3","PDE4D",NA
"AC007339.1","RNF180",NA
"AC007339.2","SHLD3",NA
"ADAM3B","SGTB",NA
"ADAMTS18","LOC124900989",NA
"CES1P2","MAP1B",NA
"CHP2","PTCD2",NA
"CLEC3A","HMGCR",NA
"CTA-345G4.1","FAM151B-DT",NA
"CTC-391G2.1","LIX1-AS1",NA
"CTD-2015G9.1","LIX1",NA
"CTD-2015G9.2","LOC105379100",NA
"CTD-2385L22.2","STARD4",NA
"CTD-2600O9.1","TRIM36",NA
"GNAO1","TRIM36-IT1",NA
"GPR114","ARL14EPL",NA
"GPR56","LOC105379158",NA
"GPR97","FBN2",NA
"KIFC3","SLC27A6",NA
"KRT8P22","ADAMTS19-AS1",NA
"MIR1273H","PDLIM4",NA
"MIR6772","UQCRQ",NA
"MMP15","FSTL4-AS1",NA
"PDILT","PPP2CA-DT",NA
"PRKCB","PITX1",NA
"RP11-158I3.1","EPIST",NA
"RP11-26L20.3","LINC02900",NA
"RP11-281J9.2","TIFAB",NA
"RP11-297M9.1","LOC124901073",NA
"RP11-358L22.2","KIF20A",NA
"RP11-405F3.5","CDC25C",NA
"RP11-420N3.2","PCDHA12",NA
"RP11-420N3.3","PCDHB1",NA
"RP11-58A18.2","SLC25A2",NA
"RP11-805I24.1","POU4F3",NA
"RP11-895K13.2","JAKMIP2",NA
"SCNN1G","SLC6A7",NA
"SLC6A2","SYNPO",NA
"UMOD","NMUR2",NA
"USB1","GRIA1",NA
"WWOX","SGCD",NA
"ZNF423","PTTG1",NA
"AC019349.5","LOC105377724",NA
"AC125421.1","LINC02995",NA
"ASIC2","MSX2",NA
"BTBD17","GPRIN1",NA
"CCL2","MXD3",NA
"CCL7","NHP2",NA
"CTC-304I17.1","TRIM7-AS2",NA
"CTC-304I17.3","TRIM7",NA
"CTC-304I17.4","TRIM7-AS1",NA
"CTD-2514K5.4","H1-1",NA
"CTD-2532D12.4","H3C2",NA
"CTD-2532D12.5","H2AC4",NA
"CTD-2582D11.1","H4C3",NA
"DNAI2","H4C4",NA
"GPR142","H3C4",NA
"KIF19","H2BC7",NA
"KRT13","H2AC8",NA
"KRT14","H1-3",NA
"KRT15","H3C7",NA
"KRT16","H3C8",NA
"KRT17","H2BC10",NA
"KRT19","H2AC11",NA
"KRT32","H2BC12",NA
"KRT35","H2AC12",NA
"KRT36","H2BC13",NA
"KRT38","H2AC13",NA
"KRT42P","H2AC14",NA
"KRT43P","H2BC14",NA
"LINC00974","H2AC15",NA
"MIR6510","H2AC16",NA
"RBFOX3","H1-5",NA
"RNA5SP438","H4C13",NA
"RNU2-32P","H2AC17",NA
"RP11-101O21.1","ZSCAN16-AS1",NA
"RP11-17M24.1","NKAPL",NA
"RP11-17M24.2","GPX6",NA
"RP11-398J5.1","GPX5",NA
"RP11-449L23.2","OR2J1",NA
"RP11-449L23.3","DDR1-DT",NA
"RP11-647F2.2","HCG22",NA
"SDK2","MSH5",NA
"SLC13A5","SAPCD1",NA
"SOX9-AS1","VARS1",NA
"ALPK2","HSPA1B",NA
"CPLX4","C4A",NA
"CTD-2130O13.1","AGPAT1",NA
"MIR122","TSBP1-AS1",NA
"MIR3591","TSBP1",NA
"NEDD4L","RING1",NA
"RNU4-17P","KIFC1",NA
"RP11-1151B14.1","CUTA",NA
"RP11-1151B14.5","SCUBE3",NA
"RP11-627G18.4","TULP1",NA
"RP11-749H17.2","SRSF3",NA
"RP11-795H16.2","C6ORF89",NA
"RP11-795H16.3","PRPH2",NA
"RPS3AP49","KLC4-AS1",NA
"SLC14A2","LRRC73",NA
"ST8SIA5","POLR1C",NA
"AC011513.4","RSPH9",NA
"ADAMTS10","LOC124901321",NA
"CACNA1A","GLYATL3",NA
"CEA","CRISP3",NA
"CEACAM3","TFAP2B",NA
"CEACAM5","MCM3",NA
"CEACAM6","TRAM2-AS1",NA
"CEACAM7","LOC730101",NA
"CTC-525D6.1","GSTA4",NA
"CTC-525D6.2","GCLC-AS1",NA
"CTC-525D6.3","LINC00680",NA
"CTD-3187F8.11","RIMS1",NA
"CTD-3187F8.12","KHDC1L",NA
"CTD-3187F8.14","TTK",NA
"CTD-3187F8.2","HTR1E",NA
"CTD-3187F8.7","LOC101929004",NA
"MUC16","PM20D2",NA
"OR2Z1","ANKRD6",NA
"RPL23AP78","LYRM2",NA
"SIGLEC17P","FUT9",NA
"SIGLEC20P","GPR63",NA
"SIGLECL1","WASF1",NA
"VSTM2B","SLC22A16",NA
"ZNF536","SLC16A10",NA
"AC007395.3","SMPDL3A",NA
"AC007395.4","TPD52L1",NA
"AC007743.1","CENPW",NA
"AC016764.1","RSPO3",NA
"AC017084.1","AHI1",NA
"AC018866.1","PDE7B",NA
"AC022201.4","PDE7B-AS1",NA
"AC022201.5","HEBP2",NA
"AC073257.2","LOC124901426",NA
"ACSL3","RAET1E-AS1.1",NA
"ADD2","ULBP3",NA
"ALK","PPP1R14C",NA
"BRD7P6","FBXO5",NA
"CCDC85A","LOC101928868",NA
"CD207","TMEM242-DT",NA
"CLEC4F","DYNLT1",NA
"FAM136A","SYTL3",NA
"FIGLA","LOC124901449",NA
"GLI2","SLC22A1",NA
"HMGN2P21","LOC102724087",NA
"INHBB","MAP3K4-AS1",NA
"LINC01101","PACRG-AS1",NA
"MIR6809","PDE10A",NA
"MYT1L","MPC1",NA
"RP11-297J22.1","LOC107986550",NA
"RP11-481J13.1","THBS2-AS1",NA
"RP11-482H16.1","THBS2",NA
"RUFY4","LINC02519",NA
"SH3RF3","PHF10",NA
"TGFA","LINC00242",NA
"TGFA-IT1","LINC00574",NA
"TNS1","PSMG3",NA
"AL049647.1","PSMG3-AS1",NA
"AL121588.1","TMEM106B",NA
"AL121756.1","LOC105375168",NA
"AL139429.1","ITGB8-AS1",NA
"AL354984.1","ITGB8",NA
"AL354984.3","HOTAIRM1",NA
"BPIFB2","HOXA7",NA
"BPIFB3","GGCT",NA
"BPIFB4","PDE1C",NA
"BPIFB6","LSM5",NA
"CDH4","TRGV7",NA
"CTCFL","GLI3",NA
"DEFB129","POLD2",NA
"ELMO2","H2AZ2",NA
"HDHD1P3","NACAD",NA
"LINC00659","FIGNL1",NA
"LINC01272","ELDR",NA
"MIR4532","CHCHD2",NA
"NTSR1","SPDYE9",NA
"PHACTR3","BUD23",NA
"PI3","TMEM270",NA
"PMEPA1","ELN-AS1",NA
"PTPRT","POR",NA
"RNU7-173P","HGF",NA
"RP11-103J8.1","FZD1",NA
"RP11-429E11.2","LOC112267986",NA
"RP11-560A15.3","ASNS",NA
"RP13-379L11.2","TRIM4",NA
"RP13-379L11.4","MCM7",NA
"RP3-453C12.14","PCOLCE",NA
"RP3-461P17.9","MOSPD3",NA
"RP4-705O1.1","IFT22",NA
"RP4-719C8.1","LINC01007",NA
"RP5-827E24.1","LRRC17",NA
"RPL5P2","DPY19L2P2",NA
"RPS2P7","SLC26A4-AS1",NA
"SDC4","LINC02903",NA
"SLC12A5","CTTNBP2",NA
"SLC24A3","OPN1SW",NA
"SLX4IP","CPA2",NA
"SPINT3","PLXNA4-AS1",NA
"SUN5","STMP1",NA
"TOX2","CHRM2",NA
"WFDC10A","DGKI",NA
"WFDC11","LOC107986749",NA
"WFDC2","TRIM24",NA
"WFDC8","TTC26",NA
"WFDC9","FMC1",NA
"ZBP1","EPHB6",NA
"ZNF663P","ATP6V0E2-AS1",NA
"AP000261.1","ATP6V0E2",NA
"AP000265.1","CDK5",NA
"AP000266.7","IQCA1L",NA
"AP001615.9","SMARCD3",NA
"C21ORF128","WDR86",NA
"HUNK","WDR86-AS1",NA
"HUNK-AS1","XRCC2",NA
"LINC00111","PAXIP1-AS2",NA
"LINC00112","RNF32",NA
"LINC00159","FAM87A",NA
"LINC00479","GS1-24F4.2",NA
"MIR6814","LINC00529",NA
"MIS18A","MTMR9-AS1",NA
"MIS18A-AS1","FDFT1",NA
"MRAP","TRMT9B",NA
"MX1","C8ORF48",NA
"RIPK4","LINC02153",NA
"TPT1P1","HR",NA
"UMODL1","PHYHIP",NA
"URB1","ADAM7-AS1",NA
"AC244157.1","CDCA2",NA
"CACNA1I","EBF2",NA
"CTA-929C8.6","PBK",NA
"CTA-929C8.7","LINC02948",NA
"CTA-929C8.8","LINC00589",NA
"GRAP2","LINC02099",NA
"IGLL5","LINC01605",NA
"IGLV2-11","ERLIN2",NA
"LINC01422","STAR",NA
"LL22NC03-84E4.13","GPAT4-AS1",NA
"MIATNB","GINS4",NA
"MPPED1","NKX6-3",NA
"MYO18B","CLXN",NA
"RP1-172B20.6","PPDPFL",NA
"RP1-205F14P.1","OPRK1",NA
"RP1-40G4P.1","LINC02984",NA
"RP11-46E17.6","CYP7A1",NA
"AC080008.1","GGH",NA
"AC117401.1","CYP7B1",NA
"ATP2B2","LINC01299",NA
"ATP2B2-IT1","MYBL1",NA
"CRYGS","ZFHX4-AS1",NA
"DGKG","ZFHX4",NA
"EIF2B5","CHMP4C",NA
"EPHB1","OSR2",NA
"EPHB3","FBXO43",NA
"ETV5","LINC02845",NA
"ETV5-AS1","AZIN1-AS2",NA
"KALRN","LRP12",NA
"KY","TRHR",NA
"MIR5002","AARD",NA
"MIR885","ZHX1",NA
"PLXNA1","LINC02912",NA
"RP11-407B7.1","LOC124902027",NA
"RP11-443P15.2","LOC101927822",NA
"RP11-48F14.1","NCRNA00250",NA
"RP11-48F14.2","KHDRBS3",NA
"RP11-78H24.1","GML",NA
"RPL7P15","EPPK1",NA
"SRGAP3","EXOSC4",NA
"TBCCD1","GPT",NA
"AC080003.1","LRRC24",NA
"AFAP1","PGM5P3-AS1",NA
"AFAP1-AS1","FOXD4",NA
"C4ORF50","DMRT2",NA
"JAKMIP1","VLDLR-AS1",NA
"MIR4274","PLGRKT",NA
"MIR4798","PTPRD-AS1",NA
"PPP2R2C","ADAMTSL1",NA
"PSAPL1","SAXO1",NA
"RBPJ","SMIM27",NA
"RN7SKP113","TMEM215",NA
"RNF150","KIF24",NA
"RP11-5K16.3","ARID3C",NA
"RPL14P3","ARHGEF39",NA
"SCOC","TPM2",NA
"SCOC-AS1","TOMM5",NA
"SORCS2","GLIDR",NA
"TBC1D9","BMS1P14",NA
"TNRC18P1","LOC102724904",NA
"AC005592.1","LINC01189",NA
"AC005592.2","LOC124906869",NA
"AC005592.3","LERFS",NA
"AC011343.1","LOC105379444",NA
"ARHGAP26","FAM27E3",NA
"CTB-105N12.2","TMEM252",NA
"CTB-178M22.1","PSAT1",NA
"CTB-178M22.2","LNCARSR",NA
"CTB-37A13.1","UBQLN1-AS1",NA
"CTC-558O2.1","RMI1",NA
"DOCK2","NTRK2",NA
"FAM196B","GOLM1",NA
"FGF1","GAS1",NA
"HMP19","LINC02872",NA
"KCNIP1","CDK20",NA
"MIR218-2","LINC03026",NA
"MIR378E","FGD3",NA
"MIR585","PCAT7",NA
"RP11-619L12.3","XPA",NA
"RP11-619L12.4","LOC124902229",NA
"RPS12P10","GALNT12",NA
"SLIT3","LOC102724684",NA
"SPRY4","TGFBR1",NA
"SPRY4-IT1_1","NIPSNAP3B",NA
"SPRY4-IT1_2","ABITRAM",NA
"WWC1","FAM225A",NA
"C6ORF223","CDC26",NA
"DAAM2","RNF183",NA
"GLP1R","WDR31",NA
"KCNK16","POLE3",NA
"KCNK17","TEX53",NA
"KIF6","TOR2A",NA
"LINC00951","ODF2-AS1",NA
"LRFN2","DYNC2I2",NA
"MOCS1","DOLPP1",NA
"MTRF1L","GPRACR",NA
"PHACTR1","NCS1",NA
"RGS17","QRFP",NA
"RNU6-250P","BRD3OS",NA
"RP1-137F1.3","PIERCE1",NA
"RP1-202I21.3","KCNT1",NA
"RP11-121P10.1","TMEM203",NA
"RP11-256G5.1","TUBB4B",NA
"RP11-552E20.1","ZMYND19",NA
"RP11-552E20.4","DIP2C-AS2",NA
"RP11-570K4.1","GTPBP4",NA
"RP11-61I13.3","IDI1",NA
"RP3-462C17.1","PITRM1",NA
"RP5-1120P11.1","AKR1E2",NA
"TDRG1","AKR1C2",NA
"TRERF1","NET1",NA
"AC004540.5","LASTR",NA
"AC004947.2","ASB13",NA
"ADCYAP1R1","GDI2",NA
"AUTS2","ANKRD16",NA
"C7ORF71","IL2RA",NA
"GIMAP1","RBM17",NA
"GIMAP5","KIN",NA
"HOXA10-AS","ATP5F1C",NA
"HOXA10-HOXA9","MCM10",NA
"KIAA0087","SUV39H2-DT",NA
"RP5-1007F24.1","VIM",NA
"RP5-978I12.1","CACNB2",NA
"ADRA1A","CACNB2-AS2",NA
"CHRNA2","NEBL",NA
"EBAG9","NEBL-AS1",NA
"EPHX2","COMMD3",NA
"GFRA2","BMI1",NA
"GULOP","SPAG6",NA
"IMPA1P","LINC01516",NA
"MIR6842","LINC02664",NA
"NIPA2P4","ZEB1-AS1",NA
"PAG1","ZEB1",NA
"PTK2B","EPC1-AS2",NA
"RNU7-85P","ZNF239",NA
"RP11-1149M10.1","FAM25EP",NA
"RP11-1149M10.2","ANTXRL",NA
"RP11-172E10.1","SGMS1-AS1",NA
"RP11-26J3.1","LOC102724719",NA
"RP11-27N21.3","BICC1",NA
"RP11-486M23.2","PHYHIPL",NA
"RP11-486M23.3","CDK1",NA
"RPS26P34","DDX50",NA
"SLC10A5P1","LINC02651",NA
"SYBU","PPA1",NA
"AKAP2","CHST3",NA
"AL161784.1","DNAJC9",NA
"AL353141.1","DUSP29",NA
"AL357936.1","ZNF503-AS2",NA
"AL365274.1","DLG5-AS1",NA
"AL390240.1","DYDC1",NA
"AL390240.2","LINC02647",NA
"CNTRL","GRID1",NA
"COL27A1","NUTM2D",NA
"COL5A1","STAMBPL1",NA
"DAB2IP","LOC124902479",NA
"GGTA1P","FGFBP3-AS1",NA
"GSN","KIF11",NA
"GSN-AS1","HOGA1",NA
"MIR455","C10ORF62",NA
"PALM2","SFRP5",NA
"PALM2-AKAP2","SCD",NA
"PAPPA","PDZD7",NA
"PAPPA-AS2","LOC107984262",NA
"RAB14","KAZALD1",NA
"RN7SL181P","DPCD",NA
"RN7SL187P","ARL3",NA
"RNY4P18","CALHM2",NA
"RP11-162D16.2","GPAM",NA
"RP11-244O19.1","RAB11FIP2",NA
"RP11-402G3.3","CASC2",NA
"RP11-402G3.4","MKI67",NA
"RP11-406O23.2","LINC02666",NA
"RP11-428F18.2","C10ORF143",NA
"RP11-45A16.4","CFAP46",NA
"RP11-477J21.2","SPRN",NA
"RP11-477J21.6","GATD1",NA
"RP11-524G24.2","PANO1",NA
"STOM","MUC2",NA
"TNFSF15","TNNT3",NA
"TTLL11","IGF2-AS",NA
"TTLL11-IT1","ASCL2",NA
"ZNF618","RRM1",NA
NA,"OR51E1",NA
NA,"OR51E2",NA
NA,"C11ORF42",NA
NA,"ARFIP2",NA
NA,"OR2AG2",NA
NA,"ZNF215",NA
NA,"ZNF214",NA
NA,"NLRP14",NA
NA,"SYT9",NA
NA,"DKK3",NA
NA,"LINC02548",NA
NA,"C11ORF58",NA
NA,"NCR3LG1",NA
NA,"MRGPRX3",NA
NA,"IGSF22",NA
NA,"PTPN5",NA
NA,"NAV2-AS6",NA
NA,"LINC01495",NA
NA,"LOC105376588",NA
NA,"ANO3-AS1",NA
NA,"BDNF",NA
NA,"KIF18A",NA
NA,"MPPED2",NA
NA,"MPPED2-AS1",NA
NA,"RCN1",NA
NA,"LOC107984322",NA
NA,"TCP11L1",NA
NA,"LINC00294",NA
NA,"SLC1A2-AS2",NA
NA,"ALKBH3-AS1",NA
NA,"LOC100507384",NA
NA,"MDK",NA
NA,"LRP4-AS1",NA
NA,"AGBL2",NA
NA,"MED19",NA
NA,"GLYAT",NA
NA,"GLYATL2",NA
NA,"FAM111B",NA
NA,"LINC02739",NA
NA,"TMEM109-DT",NA
NA,"TKFC",NA
NA,"TMEM216",NA
NA,"FEN1",NA
NA,"FADS2",NA
NA,"FADS1",NA
NA,"LRRN4CL",NA
NA,"BAD",NA
NA,"NRXN2",NA
NA,"NRXN2-AS1",NA
NA,"SAC3D1",NA
NA,"CDCA5",NA
NA,"FAUP4",NA
NA,"BANF1",NA
NA,"KLC2-AS1",NA
NA,"FAM86C2P",NA
NA,"LOC338694",NA
NA,"DHCR7",NA
NA,"DHCR7-DT",NA
NA,"KRTAP5-7",NA
NA,"KRTAP5-8",NA
NA,"PLEKHB1",NA
NA,"POLD3",NA
NA,"SPCS2",NA
NA,"KLHL35",NA
NA,"SYTL2",NA
NA,"LINC02711",NA
NA,"LINC02748",NA
NA,"LINC02737",NA
NA,"CFAP300",NA
NA,"PDGFDDN",NA
NA,"PDGFD",NA
NA,"GRIA4",NA
NA,"ACAT1",NA
NA,"C11ORF87",NA
NA,"ARHGAP20",NA
NA,"LINC02550",NA
NA,"HSPB2",NA
NA,"PIH1D2",NA
NA,"ZW10",NA
NA,"CADM1-AS1",NA
NA,"TAGLN",NA
NA,"LOC105369515",NA
NA,"SCN2B",NA
NA,"FOXR1",NA
NA,"H2AX",NA
NA,"RNF26",NA
NA,"LOC124902771",NA
NA,"MIR100HG",NA
NA,"SCN3B",NA
NA,"TMEM218",NA
NA,"FEZ1",NA
NA,"CHEK1",NA
NA,"ACRV1",NA
NA,"DDX25-AS1",NA
NA,"VSIG10L2",NA
NA,"SRPRA",NA
NA,"TIRAP-AS1",NA
NA,"LOC101929473",NA
NA,"NTM-AS1",NA
NA,"LINC02717",NA
NA,"LINC02455",NA
NA,"FBXL14",NA
NA,"LINC00940",NA
NA,"CACNA1C-AS4",NA
NA,"CACNA1C-IT3",NA
NA,"RHNO1",NA
NA,"RAD51AP1",NA
NA,"MLF2",NA
NA,"PTMS",NA
NA,"CDCA3",NA
NA,"USP5",NA
NA,"C1RL-AS1",NA
NA,"FAM86FP",NA
NA,"CLEC2A",NA
NA,"KLRC1",NA
NA,"TAS2R8",NA
NA,"TAS2R13",NA
NA,"APOLD1",NA
NA,"LMO3",NA
NA,"BCAT1-AS1",NA
NA,"RASSF8-AS1",NA
NA,"RASSF8",NA
NA,"SSPN",NA
NA,"SSPN-AS1",NA
NA,"BMAL2",NA
NA,"SMCO2",NA
NA,"MRPS35-DT",NA
NA,"FAR2-AS1",NA
NA,"FLJ13224",NA
NA,"H3-5",NA
NA,"SYT10",NA
NA,"ALG10B",NA
NA,"CNTN1",NA
NA,"GXYLT1",NA
NA,"TMEM117",NA
NA,"DBX2",NA
NA,"COL2A1",NA
NA,"PFKM",NA
NA,"CCDC184",NA
NA,"PRKAG1",NA
NA,"TUBA1B",NA
NA,"KCNH3",NA
NA,"BCDIN3D",NA
NA,"FAIM2",NA
NA,"LINC02395",NA
NA,"AQP2",NA
NA,"AQP5-AS1",NA
NA,"RACGAP1",NA
NA,"ASIC1",NA
NA,"KRT86-AS2",NA
NA,"KRT86-AS1",NA
NA,"RARG",NA
NA,"ESPL1",NA
NA,"SP7",NA
NA,"HOXC-AS3",NA
NA,"HOXC10",NA
NA,"HOXC6",NA
NA,"HOXC-AS2",NA
NA,"HOXC9",NA
NA,"HOXC-AS1",NA
NA,"HOXC4",NA
NA,"HOXC5",NA
NA,"LOC100240735",NA
NA,"CBX5",NA
NA,"CDK2",NA
NA,"ERBB3",NA
NA,"NABP2",NA
NA,"CNPY2-AS1",NA
NA,"TIMELESS",NA
NA,"NXPH4",NA
NA,"B4GALNT1",NA
NA,"MON2-AS1",NA
NA,"DPY19L2",NA
NA,"RXYLT1",NA
NA,"WIF1",NA
NA,"LINC02408",NA
NA,"MDM1",NA
NA,"BEST3",NA
NA,"KCNMB4",NA
NA,"TMEM19",NA
NA,"TRHDE",NA
NA,"TRHDE-AS1",NA
NA,"KCNC2",NA
NA,"CSRP2",NA
NA,"E2F7",NA
NA,"LIN7A",NA
NA,"SLC6A15",NA
NA,"TMPO-AS1",NA
NA,"PARPBP",NA
NA,"PMCH",NA
NA,"GLT8D2",NA
NA,"EID3",NA
NA,"ALKBH2",NA
NA,"TCTN1",NA
NA,"SDSL",NA
NA,"LINC03088",NA
NA,"LOC100506551",NA
NA,"RFC5",NA
NA,"LOC105370024",NA
NA,"UNC119B",NA
NA,"CDK2AP1",NA
NA,"TCTN2",NA
NA,"DNAH10",NA
NA,"BRI3BP",NA
NA,"THRIL",NA
NA,"LINC02350",NA
NA,"RIMBP2-AS1",NA
NA,"STX2",NA
NA,"LINC02361",NA
NA,"PXMP2",NA
NA,"SKA3",NA
NA,"MIPEPP3",NA
NA,"LOC124903134",NA
NA,"LINC00327",NA
NA,"LOC124903135",NA
NA,"TNFRSF19",NA
NA,"CENPJ",NA
NA,"MTUS2",NA
NA,"TEX26",NA
NA,"FRY-AS1",NA
NA,"TRPC4",NA
NA,"KBTBD7",NA
NA,"RGCC",NA
NA,"ENOX1",NA
NA,"LINC00407",NA
NA,"LOC105370185",NA
NA,"PCDH8",NA
NA,"LINC01065",NA
NA,"KLF12",NA
NA,"LINC01040",NA
NA,"GPC5",NA
NA,"GPC5-AS2",NA
NA,"LOC105370315",NA
NA,"GPC5-AS1",NA
NA,"ABCC4",NA
NA,"TEX30",NA
NA,"DAOA-AS1",NA
NA,"EFNB2",NA
NA,"LINC00567",NA
NA,"F7",NA
NA,"F10",NA
NA,"LINC00452",NA
NA,"OR10G3",NA
NA,"FITM1",NA
NA,"AKAP6",NA
NA,"LINC00216",NA
NA,"PCNX4-DT",NA
NA,"KCNH5",NA
NA,"SYNE2",NA
NA,"RBM25-AS1",NA
NA,"ACOT1",NA
NA,"ACYP1",NA
NA,"NGB",NA
NA,"SAMD15",NA
NA,"LINC02305",NA
NA,"CCDC88C-DT",NA
NA,"GON7",NA
NA,"PRIMA1",NA
NA,"IFI27L2",NA
NA,"CLMN",NA
NA,"LINC02292",NA
NA,"C14ORF132",NA
NA,"LINC01550",NA
NA,"BCL11B",NA
NA,"CYP46A1",NA
NA,"EML1",NA
NA,"KIF26A-DT",NA
NA,"MTA1-DT",NA
NA,"TEDC1",NA
NA,"TMEM121",NA
NA,"ARHGAP11B",NA
NA,"ARHGAP11A",NA
NA,"CHRM5",NA
NA,"EMC4",NA
NA,"THBS1-AS1",NA
NA,"BUB1B",NA
NA,"DISP2",NA
NA,"NUSAP1",NA
NA,"PLA2G4B",NA
NA,"LCMT2",NA
NA,"ADAL",NA
NA,"MAP1A",NA
NA,"DUOX2",NA
NA,"DUOXA1",NA
NA,"DUOX1",NA
NA,"SLC30A4-AS1",NA
NA,"SLC30A4",NA
NA,"EID1",NA
NA,"RSL24D1",NA
NA,"MINDY2-DT",NA
NA,"PIF1",NA
NA,"KBTBD13",NA
NA,"MEGF11",NA
NA,"LINC02206",NA
NA,"C15ORF61",NA
NA,"MAP2K5-DT",NA
NA,"EWSAT1",NA
NA,"GLCE",NA
NA,"PAQR5",NA
NA,"KIF23-AS1",NA
NA,"KIF23",NA
NA,"THAP10",NA
NA,"INSYN1",NA
NA,"LOC124903523",NA
NA,"NRG4",NA
NA,"RCN2",NA
NA,"SKIC8",NA
NA,"CRABP1",NA
NA,"SH3GL3",NA
NA,"MIR9-3HG",NA
NA,"BLM",NA
NA,"PRC1",NA
NA,"LINC02251",NA
NA,"PGPEP1L",NA
NA,"LINS1",NA
NA,"LINC02348",NA
NA,"FAM138E",NA
NA,"SNRNP25",NA
NA,"PDIA2",NA
NA,"WDR90",NA
NA,"UQCC4",NA
NA,"BRICD5",NA
NA,"ECI1-AS1",NA
NA,"CCNF",NA
NA,"TEDC2",NA
NA,"LOC101929566",NA
NA,"PAQR4",NA
NA,"GREP1",NA
NA,"TFAP4",NA
NA,"SEPTIN12",NA
NA,"ROGDI",NA
NA,"EEF2KMT",NA
NA,"LINC01570",NA
NA,"LINC02177",NA
NA,"SNX29-AS2",NA
NA,"NPIPA3",NA
NA,"LOC102723692",NA
NA,"CCP110",NA
NA,"ERI2",NA
NA,"LOC105371129",NA
NA,"PLK1",NA
NA,"C16ORF82",NA
NA,"SULT1A1",NA
NA,"BOLA2",NA
NA,"KIF22",NA
NA,"HIRIP3",NA
NA,"LOC112694756",NA
NA,"ZNF771",NA
NA,"ZNF688",NA
NA,"CFAP119",NA
NA,"NETO2",NA
NA,"ITFG1-AS1",NA
NA,"NKD1",NA
NA,"NKD1-AS1",NA
NA,"NOD2",NA
NA,"CYLD-AS1",NA
NA,"TOX3",NA
NA,"RPGRIP1L",NA
NA,"IRX3",NA
NA,"LOC105371272",NA
NA,"LINC02183",NA
NA,"CRNDE",NA
NA,"CES1P1",NA
NA,"CES1",NA
NA,"CX3CL1",NA
NA,"ADGRG1",NA
NA,"ADGRG3",NA
NA,"GINS3",NA
NA,"HSD11B2",NA
NA,"TMEM231",NA
NA,"GABARAPL2",NA
NA,"CNTNAP4",NA
NA,"SYCE1L",NA
NA,"LINC02131",NA
NA,"CENPN-AS1",NA
NA,"C16ORF46-AS1",NA
NA,"LOC101928392",NA
NA,"LOC101928682",NA
NA,"SLC7A5-AS1",NA
NA,"LOC105371401",NA
NA,"LINC02182",NA
NA,"PABPN1L",NA
NA,"LOC105371414",NA
NA,"DOC2B",NA
NA,"C17ORF97",NA
NA,"MRM3-AS1",NA
NA,"VMO1",NA
NA,"CAMTA2-AS1",NA
NA,"DHX33-DT",NA
NA,"PIMREG",NA
NA,"MED31",NA
NA,"C17ORF100",NA
NA,"SLC16A11",NA
NA,"ASGR1",NA
NA,"ACAP1",NA
NA,"NLGN2",NA
NA,"SPEM2",NA
NA,"WRAP53",NA
NA,"EFNB3",NA
NA,"CHD3",NA
NA,"RNF227",NA
NA,"KCNAB3",NA
NA,"AURKB",NA
NA,"SLC25A35",NA
NA,"RNF222",NA
NA,"DHRS7C",NA
NA,"DNAH9",NA
NA,"CENPV",NA
NA,"RASD1",NA
NA,"PEMT",NA
NA,"SREBF1",NA
NA,"B9D1",NA
NA,"SLC47A2",NA
NA,"TMEM97",NA
NA,"FOXN1",NA
NA,"SPAG5",NA
NA,"DHRS13",NA
NA,"TMEM132E-DT",NA
NA,"SLFN13",NA
NA,"HEATR9",NA
NA,"CCL3-AS1",NA
NA,"C17ORF78",NA
NA,"C17ORF98",NA
NA,"LASP1NB",NA
NA,"PNMT",NA
NA,"CSF3",NA
NA,"RARA-AS1",NA
NA,"TOP2A",NA
NA,"KRT10",NA
NA,"KRT10-AS1",NA
NA,"KRT37",NA
NA,"P3H4",NA
NA,"KCNH4",NA
NA,"PSMC3IP",NA
NA,"COA3",NA
NA,"MEOX1",NA
NA,"MPP2",NA
NA,"GFAP",NA
NA,"KIF18B",NA
NA,"FMNL1-AS1",NA
NA,"TBX21",NA
NA,"LINC03057",NA
NA,"TMEM92-AS1",NA
NA,"NME1",NA
NA,"LOC101927557",NA
NA,"DYNLL2-DT",NA
NA,"TSPOAP1",NA
NA,"MTMR4",NA
NA,"SKA2",NA
NA,"PRR11-AS1",NA
NA,"TBX2-AS1",NA
NA,"BRIP1",NA
NA,"LOC107985020",NA
NA,"MARCHF10-DT",NA
NA,"AXIN2",NA
NA,"LINC01152",NA
NA,"MRPL58",NA
NA,"KCTD2",NA
NA,"SAP30BP-AS1",NA
NA,"H3-3B",NA
NA,"GALR2",NA
NA,"AANAT",NA
NA,"SRSF2",NA
NA,"TNRC6C",NA
NA,"LINC02078",NA
NA,"LOC400627",NA
NA,"CEP131",NA
NA,"TMEM105",NA
NA,"ALYREF",NA
NA,"NOTUM",NA
NA,"CENPX",NA
NA,"DCXR",NA
NA,"METRNL",NA
NA,"TYMS",NA
NA,"NDC80",NA
NA,"DLGAP1",NA
NA,"DLGAP1-AS3",NA
NA,"DLGAP1-AS4",NA
NA,"DLGAP1-AS5",NA
NA,"AKAIN1",NA
NA,"LINC02974",NA
NA,"EPB41L3",NA
NA,"EPB41L3-AS1",NA
NA,"LINC01254",NA
NA,"CHMP1B-AS1",NA
NA,"LOC101927511",NA
NA,"CYP4F35P",NA
NA,"MIR133A1HG",NA
NA,"GATA6-AS1",NA
NA,"CTAGE1",NA
NA,"TTC39C-AS1",NA
NA,"OSBPL1A",NA
NA,"DSG4",NA
NA,"CCDC178",NA
NA,"NOL4",NA
NA,"SKA1",NA
NA,"MAPK4",NA
NA,"ELAC1",NA
NA,"CDH20",NA
NA,"KDSR-DT",NA
NA,"HMSD",NA
NA,"LOC105372165",NA
NA,"LOC105372180",NA
NA,"ZNF407-AS1",NA
NA,"LINC01893",NA
NA,"LINC01927",NA
NA,"KLF16-AS1",NA
NA,"IZUMO4",NA
NA,"LSM7",NA
NA,"SPPL2B",NA
NA,"TMIGD2",NA
NA,"UHRF1",NA
NA,"LOC105372253",NA
NA,"PET100",NA
NA,"MAP2K7-AS1",NA
NA,"NDUFA7",NA
NA,"S1PR2",NA
NA,"RAVER1",NA
NA,"CDKN2D",NA
NA,"QTRT1",NA
NA,"FARSA-AS1",NA
NA,"ASF1B",NA
NA,"LINC01842",NA
NA,"MAST3-AS1",NA
NA,"KXD1-AS1",NA
NA,"PBX4",NA
NA,"LINC01533",NA
NA,"NUDT19",NA
NA,"FAAP24",NA
NA,"CEBPG",NA
NA,"HAUS5",NA
NA,"ARHGAP33",NA
NA,"TBCB",NA
NA,"LINC01535",NA
NA,"DPF1",NA
NA,"IFNL4",NA
NA,"ATP1A3",NA
NA,"PAFAH1B3",NA
NA,"LIPE",NA
NA,"PSG8-AS1",NA
NA,"PSG10P",NA
NA,"PSG2",NA
NA,"ZNF575",NA
NA,"PINLYP",NA
NA,"PLAUR",NA
NA,"NKPD1",NA
NA,"IRF2BP1",NA
NA,"C5AR1",NA
NA,"LIG1",NA
NA,"SYNGR4",NA
NA,"CGB7",NA
NA,"FUZ",NA
NA,"SIGLEC16",NA
NA,"MYADM-AS2",NA
NA,"TSEN34",NA
NA,"CDC42EP5",NA
NA,"LAIR2",NA
NA,"HSPBP1",NA
NA,"NLRP9",NA
NA,"NLRP5",NA
NA,"ZNF446",NA
NA,"ZCCHC3",NA
NA,"ADISSP",NA
NA,"PCNA",NA
NA,"TRMT6",NA
NA,"LINC01706",NA
NA,"TMX4",NA
NA,"TMX4-AS1",NA
NA,"ISM1",NA
NA,"ISM1-AS1",NA
NA,"LINC00652",NA
NA,"LINC01427",NA
NA,"LOC284788",NA
NA,"NXT1",NA
NA,"APMAP",NA
NA,"DEFB123",NA
NA,"TPX2",NA
NA,"GGT7",NA
NA,"SNHG11",NA
NA,"UBE2C",NA
NA,"SPATA25",NA
NA,"TP53RK-DT",NA
NA,"KCNG1",NA
NA,"LINC01524",NA
NA,"LOC105372668",NA
NA,"TSHZ2",NA
NA,"CYP24A1",NA
NA,"DOK5",NA
NA,"LINC01440",NA
NA,"LOC105372676",NA
NA,"CBLN4",NA
NA,"AURKA",NA
NA,"LOC105372686",NA
NA,"HMGB1P1",NA
NA,"CABLES2",NA
NA,"MIR1-1HG",NA
NA,"HAR1A",NA
NA,"LOC100130587",NA
NA,"FNDC11",NA
NA,"NPBWR2",NA
NA,"LOC105377134",NA
NA,"LIPI",NA
NA,"HSPA13",NA
NA,"LOC105369292",NA
NA,"LINC00158",NA
NA,"BACH1-AS1",NA
NA,"BACH1-IT3",NA
NA,"GRIK1",NA
NA,"EVA1C",NA
NA,"TCP10L",NA
NA,"MRPS6",NA
NA,"KCNE2",NA
NA,"SMIM34",NA
NA,"LCA5L",NA
NA,"LINC00323",NA
NA,"BACE2",NA
NA,"MX2",NA
NA,"ZNF295-AS1",NA
NA,"LINC01671",NA
NA,"CRYAA",NA
NA,"LINC01679",NA
NA,"KRTAP10-9",NA
NA,"ADARB1",NA
NA,"LINC00334",NA
NA,"PCBP3-AS1",NA
NA,"MCM3AP-AS1",NA
NA,"C21ORF58",NA
NA,"PSLNR",NA
NA,"BID",NA
NA,"GGTLC3",NA
NA,"RANBP1",NA
NA,"THAP7",NA
NA,"TUBA3FP",NA
NA,"IGLV1-51",NA
NA,"RAB36",NA
NA,"DERL3",NA
NA,"C22ORF31",NA
NA,"KREMEN1",NA
NA,"UQCR10",NA
NA,"CCDC157",NA
NA,"LOC105372990",NA
NA,"YWHAH-AS1",NA
NA,"LINC01643",NA
NA,"FOXRED2",NA
NA,"TEX33",NA
NA,"NOL12",NA
NA,"POLR2F-AS1",NA
NA,"SUN2",NA
NA,"CHADL",NA
NA,"SMIM45",NA
NA,"MCAT",NA
NA,"TSPO",NA
NA,"EFCAB6-AS1",NA
NA,"PNPLA3",NA
NA,"RTL6",NA
NA,"RIBC2",NA
NA,"GTSE1",NA
NA,"SELENOO-AS1",NA
NA,"DENND6B",NA
NA,"SYCE3",NA
NA,"MAPK8IP2",NA
NA,"LOC105373100",NA
NA,"FAM104B",NA
NA,"LOC124905202",NA
NA,"LOC105373334",NA
NA,"LOC124905564",NA
