"","x"
"1","ANKRD65"
"2","ANKRD65-AS1"
"3","CDK11A"
"4","MORN1"
"5","PLCH2"
"6","MMEL1"
"7","TP73-AS2"
"8","RNF207"
"9","LZIC"
"10","CENPS"
"11","CORT"
"12","NPPA"
"13","DHRS3"
"14","KAZN-AS1"
"15","CELA2A"
"16","CELA2B"
"17","FAM131C"
"18","NBPF1"
"19","AKR7A2"
"20","VWA5B1"
"21","HP1BP3"
"22","WNT4"
"23","NCMAP-DT"
"24","UBXN11"
"25","PIGV"
"26","FAM76A"
"27","EPB41"
"28","ZBTB8B"
"29","SYNC"
"30","FNDC5"
"31","CSMD2"
"32","CSMD2-AS1"
"33","RSPO1"
"34","CDCA8"
"35","RRAGC-DT"
"36","RHBDL2"
"37","LINC02811"
"38","MYCL"
"39","FOXO6"
"40","EDN2"
"41","HIVEP3"
"42","GUCA2B"
"43","MED8-AS1"
"44","IPO13"
"45","SLC6A9"
"46","TMEM53"
"47","LINC01144"
"48","TOE1"
"49","TMEM275"
"50","STIL"
"51","BEND5"
"52","PODN"
"53","CZIB"
"54","MAGOH"
"55","LEXM"
"56","LOC105378736"
"57","PLPP3"
"58","JUN"
"59","FGGY-DT"
"60","CYP2J2"
"61","KANK4"
"62","USP1"
"63","ITGB3BP"
"64","ROR1"
"65","DIRAS3"
"66","DEPDC1"
"67","DEPDC1-AS2"
"68","DEPDC1-AS1"
"69","FPGT"
"70","TTLL7-IT1"
"71","LINC02801"
"72","LMO4"
"73","ALG14"
"74","PALMD"
"75","EXTL2"
"76","DPH5-DT"
"77","OLFM3"
"78","COL11A1"
"79","AKNAD1"
"80","SPATA42"
"81","SARS1"
"82","PSRC1"
"83","MYBPHL"
"84","GSTM5"
"85","LINC01160"
"86","BCL2L15"
"87","DCLRE1B"
"88","AMPD1"
"89","LINC01649"
"90","CD101"
"91","TRIM45"
"92","WARS2-IT1"
"93","HAO2"
"94","LOC101929178"
"95","NBPF26"
"96","ANKRD35"
"97","LOC105371254"
"98","NBPF14"
"99","PDE4DIP"
"100","LOC124904411"
"101","H3C14"
"102","H2AC19"
"103","H2BC21"
"104","H2AC20"
"105","H2AC21"
"106","MINDY1"
"107","MLLT11"
"108","RIIAD1"
"109","THEM4"
"110","SNAPIN"
"111","DCST1-AS1"
"112","DPM3"
"113","MUC1"
"114","HCN3"
"115","BGLAP"
"116","TMEM79"
"117","CRABP2"
"118","OR6N1"
"119","AIM2"
"120","CADM3"
"121","SNHG28"
"122","IGSF9"
"123","PIGM"
"124","ATP1A2"
"125","CD48"
"126","USP21"
"127","DDR2"
"128","CCDC190"
"129","NUF2"
"130","RXRG"
"131","LRRC52-AS1"
"132","TMCO1"
"133","FAM78B"
"134","MAEL"
"135","GPR161"
"136","PRRX1"
"137","DNM3-IT1"
"138","BRINP2"
"139","TEX35"
"140","OVAAL"
"141","BRINP3"
"142","BRINP3-DT"
"143","LINC02770"
"144","B3GALT2"
"145","ASPM"
"146","C1ORF53"
"147","PTPRC-AS1"
"148","KIF14"
"149","CACNA1S"
"150","TNNI1"
"151","SHISA4"
"152","LMOD1"
"153","GPR37L1"
"154","UBE2T"
"155","SYT2-AS1"
"156","SNRPE"
"157","PLEKHA6"
"158","LEMD1-DT"
"159","SERTAD4-AS1"
"160","SERTAD4"
"161","NEK2"
"162","DTL"
"163","LINC02775"
"164","CENPF"
"165","RRP15"
"166","LYPLAL1-AS1"
"167","LOC105372984"
"168","DISP1"
"169","LOC101927143"
"170","LBR"
"171","PYCR2"
"172","LOC105373289"
"173","H2AC25"
"174","SLC35F3"
"175","LINC01354"
"176","LINC00184"
"177","GNG4"
"178","EXO1"
"179","LOC102724446"
"180","OR2L2"
"181","LOC105373422"
"182","HPCAL1"
"183","ODC1"
"184","C2ORF50"
"185","LINC03037"
"186","LPIN1"
"187","LOC105373440"
"188","TTC32"
"189","SDC1"
"190","GDF7"
"191","LOC100507562"
"192","PFN4"
"193","FAM166C"
"194","CENPA"
"195","LINC01946"
"196","RMDN2"
"197","SRSF7"
"198","MORN2"
"199","C1GALT1C1L"
"200","LINC01820"
"201","GPR75"
"202","CFAP36"
"203","EFEMP1"
"204","BCL11A"
"205","FAM161A"
"206","TMEM17"
"207","LINC01797"
"208","ASPRV1"
"209","DGUOK-AS1"
"210","BOLA3-DT"
"211","LOXL3"
"212","SH2D6"
"213","LOC105374852"
"214","ANKRD36BP2"
"215","IGKC"
"216","MAL-AS1"
"217","MAL"
"218","KCNIP3"
"219","LINC03052"
"220","ITPRIPL1"
"221","NCAPH"
"222","LOC105373496"
"223","LOC100506076"
"224","APPAT"
"225","LINC02611"
"226","C2ORF15"
"227","LONRF2"
"228","PDCL3"
"229","TBC1D8-AS1"
"230","IL18R1"
"231","LINC01796"
"232","TGFBRAP1-AS1"
"233","ECRG4"
"234","SH3RF3-AS1"
"235","MTLN"
"236","FBLN7"
"237","CKAP2L"
"238","LOC124907871"
"239","FOXD4L1"
"240","LINC01956"
"241","EN1"
"242","MARCO"
"243","CFAP221"
"244","SFT2D3"
"245","LINC02572"
"246","POTEF"
"247","MED15P9"
"248","CCDC74B"
"249","LINC01120"
"250","CCDC74A"
"251","LCT"
"252","CACNB4"
"253","NR4A2"
"254","GALNT5"
"255","LINC02478"
"256","LOC101929532"
"257","FAP"
"258","SPC25"
"259","BBS5"
"260","CHRNA1"
"261","CHN1"
"262","HOXD13"
"263","HOXD-AS2"
"264","HOXD8"
"265","LINC01116"
"266","LOC105373757"
"267","SESTD1"
"268","ZNF385B"
"269","ITGA4"
"270","ASDURF"
"271","SGO2"
"272","TMEM237"
"273","LINC01802"
"274","BARD1"
"275","ABCA12"
"276","MREG"
"277","LINC01963"
"278","IGFBP5"
"279","CXCR2"
"280","PNKD"
"281","ABCB6"
"282","TMEM198"
"283","SLC4A3"
"284","FARSB"
"285","ACSL3-AS1"
"286","DAW1"
"287","FBXO36-IT1"
"288","LINC01907"
"289","HJURP"
"290","COPS8"
"291","ERFE"
"292","LINC01107"
"293","COPS9"
"294","GPC1"
"295","AQP12B"
"296","CROCC2"
"297","TANAR"
"298","DTYMK"
"299","CAV3"
"300","RAD18"
"301","SRGAP3-AS3"
"302","THUMPD3"
"303","TADA3"
"304","HDAC11"
"305","FBLN2"
"306","TMEM43"
"307","C3ORF20"
"308","FGD5-AS1"
"309","EAF1-AS1"
"310","COLQ"
"311","SGO1"
"312","SGO1-AS1"
"313","UBE2E2-DT"
"314","RARB"
"315","LOC124909362"
"316","LYZL4"
"317","CYP8B1"
"318","KIF15"
"319","TGM4"
"320","LZTFL1"
"321","LRRC2-AS1"
"322","PRSS50"
"323","CDC25A"
"324","ARIH2OS"
"325","P4HTM"
"326","KLHDC8B"
"327","TRAIP"
"328","MON1A"
"329","C3ORF18"
"330","CISH"
"331","PARP3"
"332","PCBP4"
"333","ABHD14A"
"334","ITIH4"
"335","SELENOK"
"336","ARHGEF3-AS1"
"337","PDE12"
"338","HTD2"
"339","CADPS"
"340","C3ORF49"
"341","PSMD6-AS1"
"342","LINC00994"
"343","LOC105377146"
"344","GXYLT2"
"345","ROBO2"
"346","CADM2"
"347","LINC00506"
"348","DHFR2"
"349","IFT57"
"350","MYH15"
"351","CIP2A"
"352","GCSAM"
"353","LOC105374042"
"354","BOC"
"355","CFAP44"
"356","CFAP44-AS1"
"357","LSAMP-AS1"
"358","GPR156"
"359","STXBP5L"
"360","ADCY5"
"361","LOC105374312"
"362","FAM86JP"
"363","ALDH1L1-AS1"
"364","LOC124909426"
"365","TXNRD3"
"366","MCM2"
"367","IFT122P3"
"368","ACAD9-DT"
"369","FAM86HP"
"370","NUDT16"
"371","TMEM108"
"372","LINC02029"
"373","GOLIM4"
"374","SLC7A14-AS1"
"375","NAALADL2-AS2"
"376","NAALADL2-AS1"
"377","LOC105374243"
"378","EIF2B5-DT"
"379","POLR2H"
"380","CHRD"
"381","NMRAL2P"
"382","CLDN1"
"383","LINC02924"
"384","LINC02048"
"385","LINC01968"
"386","DYNLT2B"
"387","TACC3"
"388","FGFR3"
"389","MSANTD1"
"390","FAM86EP"
"391","NSG1"
"392","STK32B"
"393","LINC02481"
"394","LINC02447"
"395","LOC124900669"
"396","C1QTNF7"
"397","FAM200B"
"398","NCAPG"
"399","KCNIP4"
"400","LOC105374516"
"401","LINC02265"
"402","CHRNA9"
"403","GNPDA2"
"404","GABRA4"
"405","CWH43"
"406","SGCB"
"407","ADGRL3"
"408","ODAM"
"409","JCHAIN"
"410","DCK"
"411","ADAMTS3"
"412","LINC00575"
"413","SCD5"
"414","SPP1"
"415","BMPR1B-DT"
"416","BMPR1B"
"417","ADH6"
"418","ADH1C"
"419","LAMTOR3"
"420","H2AZ1"
"421","DDIT4L-AS1"
"422","TACR3"
"423","CYP2U1-AS1"
"424","LEF1"
"425","CFI"
"426","GAR1"
"427","TIFA"
"428","TRAM1L1"
"429","LINC02264"
"430","SMIM43"
"431","CCNA2"
"432","TRPC3"
"433","LOC102724158"
"434","PLK4"
"435","PCDH10-DT"
"436","PCDH10"
"437","LINC02511"
"438","LINC02510"
"439","SLC7A11-AS1"
"440","SLC7A11"
"441","MGARP"
"442","NDUFC1"
"443","TBC1D9-AS1"
"444","SMARCA5-AS1"
"445","MAB21L2"
"446","MND1"
"447","SFRP2"
"448","PLRG1"
"449","LRAT"
"450","MAP9"
"451","GLRB"
"452","LOC101928007"
"453","C4ORF46"
"454","TRIM75"
"455","PALLD-AS1"
"456","HPF1"
"457","LOC124900869"
"458","HMGB2"
"459","SAP30"
"460","SCRG1"
"461","NEIL3"
"462","LOC124900818"
"463","LINC00290"
"464","LINC02500"
"465","TEMN3-AS1"
"466","CENPU"
"467","LINC02436"
"468","EXOC3-AS1"
"469","LOC124901165"
"470","IRX2"
"471","IRX2-DT"
"472","IRX1"
"473","LINC02199"
"474","SEMA5A-AS1"
"475","LINC02212"
"476","OTULINL"
"477","LINC02149"
"478","LINC02218"
"479","TTC23L-AS1"
"480","CPLANE1-AS1"
"481","LOC105374736"
"482","OXCT1"
"483","FBXO4"
"484","HMGCS1"
"485","C5ORF34"
"486","LINC02105"
"487","IL31RA"
"488","RAB3C"
"489","PDE4D"
"490","RNF180"
"491","SHLD3"
"492","SGTB"
"493","LOC124900989"
"494","MAP1B"
"495","PTCD2"
"496","HMGCR"
"497","FAM151B-DT"
"498","LIX1-AS1"
"499","LIX1"
"500","LOC105379100"
"501","STARD4"
"502","TRIM36"
"503","TRIM36-IT1"
"504","ARL14EPL"
"505","LOC105379158"
"506","FBN2"
"507","SLC27A6"
"508","ADAMTS19-AS1"
"509","PDLIM4"
"510","UQCRQ"
"511","FSTL4-AS1"
"512","PPP2CA-DT"
"513","PITX1"
"514","EPIST"
"515","LINC02900"
"516","TIFAB"
"517","LOC124901073"
"518","KIF20A"
"519","CDC25C"
"520","PCDHA12"
"521","PCDHB1"
"522","SLC25A2"
"523","POU4F3"
"524","JAKMIP2"
"525","SLC6A7"
"526","SYNPO"
"527","NMUR2"
"528","GRIA1"
"529","SGCD"
"530","PTTG1"
"531","TENM2"
"532","LOC105377724"
"533","LINC02995"
"534","MSX2"
"535","GPRIN1"
"536","MXD3"
"537","NHP2"
"538","TRIM7-AS2"
"539","TRIM7"
"540","TRIM7-AS1"
"541","H1-1"
"542","H3C2"
"543","H2AC4"
"544","H4C3"
"545","H4C4"
"546","H3C4"
"547","H2BC7"
"548","H2AC8"
"549","H1-3"
"550","H3C7"
"551","H3C8"
"552","H2BC10"
"553","H2AC11"
"554","H2BC12"
"555","H2AC12"
"556","H2BC13"
"557","H2AC13"
"558","H2AC14"
"559","H2BC14"
"560","H2AC15"
"561","H2AC16"
"562","H1-5"
"563","H4C13"
"564","H2AC17"
"565","ZSCAN16-AS1"
"566","NKAPL"
"567","GPX6"
"568","GPX5"
"569","OR2J1"
"570","DDR1-DT"
"571","HCG22"
"572","MSH5"
"573","SAPCD1"
"574","VARS1"
"575","HSPA1B"
"576","C4A"
"577","AGPAT1"
"578","TSBP1-AS1"
"579","TSBP1"
"580","RING1"
"581","KIFC1"
"582","CUTA"
"583","SCUBE3"
"584","TULP1"
"585","SRSF3"
"586","C6ORF89"
"587","PRPH2"
"588","KLC4-AS1"
"589","LRRC73"
"590","POLR1C"
"591","RSPH9"
"592","LOC124901321"
"593","GLYATL3"
"594","CRISP3"
"595","TFAP2B"
"596","MCM3"
"597","TRAM2-AS1"
"598","LOC730101"
"599","GSTA4"
"600","GCLC-AS1"
"601","LINC00680"
"602","RIMS1"
"603","KHDC1L"
"604","TTK"
"605","HTR1E"
"606","LOC101929004"
"607","PM20D2"
"608","ANKRD6"
"609","LYRM2"
"610","FUT9"
"611","GPR63"
"612","WASF1"
"613","SLC22A16"
"614","SLC16A10"
"615","SMPDL3A"
"616","TPD52L1"
"617","CENPW"
"618","RSPO3"
"619","AHI1"
"620","PDE7B"
"621","PDE7B-AS1"
"622","HEBP2"
"623","LOC124901426"
"624","RAET1E-AS1.1"
"625","ULBP3"
"626","PPP1R14C"
"627","FBXO5"
"628","LOC101928868"
"629","TMEM242-DT"
"630","DYNLT1"
"631","SYTL3"
"632","LOC124901449"
"633","SLC22A1"
"634","LOC102724087"
"635","MAP3K4-AS1"
"636","PACRG-AS1"
"637","PDE10A"
"638","MPC1"
"639","LOC107986550"
"640","THBS2-AS1"
"641","THBS2"
"642","LINC02519"
"643","PHF10"
"644","LINC00242"
"645","LINC00574"
"646","PSMG3"
"647","PSMG3-AS1"
"648","TMEM106B"
"649","LOC105375168"
"650","ITGB8-AS1"
"651","ITGB8"
"652","SKAP2"
"653","HOTAIRM1"
"654","HOXA7"
"655","HOXA9"
"656","HOXA10"
"657","GGCT"
"658","PDE1C"
"659","LSM5"
"660","TRGV7"
"661","GLI3"
"662","POLD2"
"663","H2AZ2"
"664","NACAD"
"665","FIGNL1"
"666","ELDR"
"667","CHCHD2"
"668","SPDYE9"
"669","BUD23"
"670","TMEM270"
"671","ELN-AS1"
"672","POR"
"673","HGF"
"674","FZD1"
"675","LOC112267986"
"676","ASNS"
"677","TRIM4"
"678","MCM7"
"679","PCOLCE"
"680","MOSPD3"
"681","IFT22"
"682","LINC01007"
"683","LRRC17"
"684","DPY19L2P2"
"685","SLC26A4-AS1"
"686","LINC02903"
"687","CTTNBP2"
"688","OPN1SW"
"689","CPA2"
"690","PLXNA4"
"691","PLXNA4-AS1"
"692","STMP1"
"693","CHRM2"
"694","DGKI"
"695","LOC107986749"
"696","TRIM24"
"697","TTC26"
"698","FMC1"
"699","EPHB6"
"700","ATP6V0E2-AS1"
"701","ATP6V0E2"
"702","CDK5"
"703","IQCA1L"
"704","SMARCD3"
"705","WDR86"
"706","WDR86-AS1"
"707","XRCC2"
"708","PAXIP1-AS2"
"709","RNF32"
"710","FAM87A"
"711","GS1-24F4.2"
"712","LINC00529"
"713","MTMR9-AS1"
"714","FDFT1"
"715","TRMT9B"
"716","C8ORF48"
"717","LINC02153"
"718","HR"
"719","PHYHIP"
"720","ADAM7-AS1"
"721","CDCA2"
"722","EBF2"
"723","CLU"
"724","PBK"
"725","LINC02948"
"726","LINC00589"
"727","LINC02099"
"728","LINC01605"
"729","ERLIN2"
"730","STAR"
"731","GPAT4-AS1"
"732","GINS4"
"733","NKX6-3"
"734","CLXN"
"735","PPDPFL"
"736","OPRK1"
"737","LINC02984"
"738","CYP7A1"
"739","GGH"
"740","CYP7B1"
"741","LINC01299"
"742","MYBL1"
"743","ZFHX4-AS1"
"744","ZFHX4"
"745","CHMP4C"
"746","OSR2"
"747","FBXO43"
"748","LINC02845"
"749","AZIN1-AS2"
"750","LRP12"
"751","TRHR"
"752","AARD"
"753","ZHX1"
"754","LINC02912"
"755","LOC124902027"
"756","LOC101927822"
"757","NCRNA00250"
"758","KHDRBS3"
"759","GML"
"760","EPPK1"
"761","EXOSC4"
"762","GPT"
"763","LRRC24"
"764","PGM5P3-AS1"
"765","FOXD4"
"766","DMRT2"
"767","VLDLR-AS1"
"768","PLGRKT"
"769","PTPRD-AS1"
"770","ADAMTSL1"
"771","SAXO1"
"772","SMIM27"
"773","TMEM215"
"774","KIF24"
"775","ARID3C"
"776","ARHGEF39"
"777","TPM2"
"778","TOMM5"
"779","GLIDR"
"780","BMS1P14"
"781","LOC102724904"
"782","LINC01189"
"783","LOC124906869"
"784","LERFS"
"785","LOC105379444"
"786","FAM27E3"
"787","TMEM252"
"788","PSAT1"
"789","LNCARSR"
"790","UBQLN1-AS1"
"791","RMI1"
"792","NTRK2"
"793","GOLM1"
"794","GAS1"
"795","LINC02872"
"796","CDK20"
"797","LINC03026"
"798","FGD3"
"799","PCAT7"
"800","XPA"
"801","LOC124902229"
"802","GALNT12"
"803","LOC102724684"
"804","TGFBR1"
"805","NIPSNAP3B"
"806","ABITRAM"
"807","FAM225A"
"808","CDC26"
"809","RNF183"
"810","WDR31"
"811","POLE3"
"812","TEX53"
"813","C5"
"814","TOR2A"
"815","ODF2-AS1"
"816","DYNC2I2"
"817","DOLPP1"
"818","GPRACR"
"819","NCS1"
"820","QRFP"
"821","BRD3OS"
"822","PIERCE1"
"823","KCNT1"
"824","TMEM203"
"825","TUBB4B"
"826","ZMYND19"
"827","DIP2C-AS2"
"828","GTPBP4"
"829","IDI1"
"830","PITRM1"
"831","AKR1E2"
"832","AKR1C2"
"833","NET1"
"834","LASTR"
"835","ASB13"
"836","GDI2"
"837","ANKRD16"
"838","IL2RA"
"839","RBM17"
"840","KIN"
"841","ATP5F1C"
"842","MCM10"
"843","SUV39H2-DT"
"844","VIM"
"845","CACNB2"
"846","CACNB2-AS2"
"847","NEBL"
"848","NEBL-AS1"
"849","COMMD3"
"850","BMI1"
"851","SPAG6"
"852","LINC01516"
"853","LINC02664"
"854","ZEB1-AS1"
"855","ZEB1"
"856","EPC1-AS2"
"857","ZNF239"
"858","FAM25EP"
"859","ANTXRL"
"860","SGMS1-AS1"
"861","LOC102724719"
"862","BICC1"
"863","PHYHIPL"
"864","CDK1"
"865","DDX50"
"866","LINC02651"
"867","PPA1"
"868","C10ORF105"
"869","CHST3"
"870","DNAJC9"
"871","DUSP29"
"872","ZNF503-AS2"
"873","KCNMA1-AS2"
"874","DLG5-AS1"
"875","DYDC1"
"876","LINC02647"
"877","GRID1"
"878","NUTM2D"
"879","STAMBPL1"
"880","LOC124902479"
"881","FGFBP3-AS1"
"882","KIF11"
"883","HOGA1"
"884","C10ORF62"
"885","SFRP5"
"886","SCD"
"887","PDZD7"
"888","LOC107984262"
"889","KAZALD1"
"890","DPCD"
"891","ARL3"
"892","CALHM2"
"893","GPAM"
"894","RAB11FIP2"
"895","CASC2"
"896","MKI67"
"897","LINC02666"
"898","C10ORF143"
"899","CFAP46"
"900","SPRN"
"901","GATD1"
"902","PANO1"
"903","MUC2"
"904","TNNT3"
"905","IGF2-AS"
"906","ASCL2"
"907","RRM1"
"908","OR51E1"
"909","OR51E2"
"910","C11ORF42"
"911","ARFIP2"
"912","OR2AG2"
"913","ZNF215"
"914","ZNF214"
"915","NLRP14"
"916","SYT9"
"917","DKK3"
"918","LINC02548"
"919","C11ORF58"
"920","NCR3LG1"
"921","MRGPRX3"
"922","IGSF22"
"923","PTPN5"
"924","NAV2-AS6"
"925","LINC01495"
"926","LOC105376588"
"927","ANO3-AS1"
"928","BDNF"
"929","KIF18A"
"930","MPPED2"
"931","MPPED2-AS1"
"932","RCN1"
"933","LOC107984322"
"934","TCP11L1"
"935","LINC00294"
"936","SLC1A2-AS2"
"937","ALKBH3-AS1"
"938","LOC100507384"
"939","MDK"
"940","LRP4-AS1"
"941","AGBL2"
"942","MED19"
"943","GLYAT"
"944","GLYATL2"
"945","FAM111B"
"946","LINC02739"
"947","TMEM109-DT"
"948","TKFC"
"949","TMEM216"
"950","FEN1"
"951","FADS2"
"952","FADS1"
"953","LRRN4CL"
"954","BAD"
"955","NRXN2"
"956","NRXN2-AS1"
"957","SAC3D1"
"958","CDCA5"
"959","FAUP4"
"960","BANF1"
"961","KLC2-AS1"
"962","FAM86C2P"
"963","LOC338694"
"964","DHCR7"
"965","DHCR7-DT"
"966","KRTAP5-7"
"967","KRTAP5-8"
"968","PLEKHB1"
"969","POLD3"
"970","SPCS2"
"971","KLHL35"
"972","TENM4"
"973","SYTL2"
"974","LINC02711"
"975","LINC02748"
"976","LINC02737"
"977","CFAP300"
"978","PDGFDDN"
"979","PDGFD"
"980","GRIA4"
"981","ACAT1"
"982","C11ORF87"
"983","ARHGAP20"
"984","LINC02550"
"985","HSPB2"
"986","PIH1D2"
"987","TTC12"
"988","ANKK1"
"989","ZW10"
"990","CADM1-AS1"
"991","LINC00900"
"992","TAGLN"
"993","CEP164"
"994","LOC105369515"
"995","SCN2B"
"996","FOXR1"
"997","H2AX"
"998","RNF26"
"999","LOC124902771"
"1000","TRIM29"
"1001","MIR100HG"
"1002","SCN3B"
"1003","TMEM218"
"1004","FEZ1"
"1005","CHEK1"
"1006","ACRV1"
"1007","DDX25-AS1"
"1008","VSIG10L2"
"1009","CDON"
"1010","SRPRA"
"1011","TIRAP-AS1"
"1012","LOC101929473"
"1013","NTM-AS1"
"1014","LINC02717"
"1015","LINC02455"
"1016","FBXL14"
"1017","LINC00940"
"1018","CACNA1C-AS4"
"1019","CACNA1C-IT3"
"1020","CACNA1C-AS3"
"1021","RHNO1"
"1022","RAD51AP1"
"1023","MLF2"
"1024","PTMS"
"1025","CDCA3"
"1026","USP5"
"1027","C1RL-AS1"
"1028","FAM86FP"
"1029","CLEC2A"
"1030","KLRC1"
"1031","TAS2R8"
"1032","TAS2R13"
"1033","APOLD1"
"1034","LMO3"
"1035","BCAT1-AS1"
"1036","RASSF8-AS1"
"1037","RASSF8"
"1038","SSPN"
"1039","SSPN-AS1"
"1040","BMAL2"
"1041","SMCO2"
"1042","MRPS35-DT"
"1043","FAR2-AS1"
"1044","FLJ13224"
"1045","H3-5"
"1046","SYT10"
"1047","ALG10B"
"1048","CNTN1"
"1049","GXYLT1"
"1050","TMEM117"
"1051","DBX2"
"1052","COL2A1"
"1053","PFKM"
"1054","CCDC184"
"1055","PRKAG1"
"1056","TUBA1B"
"1057","KCNH3"
"1058","BCDIN3D"
"1059","FAIM2"
"1060","LINC02395"
"1061","AQP2"
"1062","AQP5-AS1"
"1063","RACGAP1"
"1064","ASIC1"
"1065","KRT86-AS2"
"1066","KRT86-AS1"
"1067","RARG"
"1068","ESPL1"
"1069","SP7"
"1070","HOXC-AS3"
"1071","HOXC10"
"1072","HOXC6"
"1073","HOXC-AS2"
"1074","HOXC9"
"1075","HOXC-AS1"
"1076","HOXC4"
"1077","HOXC5"
"1078","FLJ12825"
"1079","LOC100240735"
"1080","CBX5"
"1081","CDK2"
"1082","ERBB3"
"1083","NABP2"
"1084","CNPY2-AS1"
"1085","TIMELESS"
"1086","NXPH4"
"1087","B4GALNT1"
"1088","MON2-AS1"
"1089","DPY19L2"
"1090","RXYLT1"
"1091","WIF1"
"1092","LINC02408"
"1093","MDM1"
"1094","BEST3"
"1095","KCNMB4"
"1096","TMEM19"
"1097","TRHDE"
"1098","TRHDE-AS1"
"1099","KCNC2"
"1100","CSRP2"
"1101","E2F7"
"1102","LIN7A"
"1103","SLC6A15"
"1104","TMPO-AS1"
"1105","PARPBP"
"1106","PMCH"
"1107","GLT8D2"
"1108","EID3"
"1109","ALKBH2"
"1110","TCTN1"
"1111","SDSL"
"1112","TBX5"
"1113","TBX5-AS1"
"1114","LINC03088"
"1115","LOC100506551"
"1116","RFC5"
"1117","LOC105370024"
"1118","UNC119B"
"1119","CDK2AP1"
"1120","TCTN2"
"1121","DNAH10"
"1122","BRI3BP"
"1123","THRIL"
"1124","LINC02350"
"1125","RIMBP2-AS1"
"1126","STX2"
"1127","LINC02361"
"1128","PXMP2"
"1129","SKA3"
"1130","MIPEPP3"
"1131","LOC124903134"
"1132","LINC00327"
"1133","LOC124903135"
"1134","TNFRSF19"
"1135","CENPJ"
"1136","MTUS2"
"1137","TEX26"
"1138","FRY-AS1"
"1139","TRPC4"
"1140","KBTBD7"
"1141","RGCC"
"1142","ENOX1"
"1143","LINC00407"
"1144","LOC105370185"
"1145","PCDH8"
"1146","LINC01065"
"1147","KLF12"
"1148","LINC01040"
"1149","GPC5"
"1150","GPC5-AS2"
"1151","LOC105370315"
"1152","GPC5-AS1"
"1153","ABCC4"
"1154","TEX30"
"1155","DAOA-AS1"
"1156","EFNB2"
"1157","LINC00567"
"1158","F7"
"1159","F10"
"1160","LINC00452"
"1161","OR10G3"
"1162","CMTM5"
"1163","FITM1"
"1164","AKAP6"
"1165","LINC00216"
"1166","PCNX4-DT"
"1167","KCNH5"
"1168","SYNE2"
"1169","RBM25-AS1"
"1170","ACOT1"
"1171","ACYP1"
"1172","NGB"
"1173","SAMD15"
"1174","LINC02305"
"1175","CCDC88C-DT"
"1176","GON7"
"1177","PRIMA1"
"1178","IFI27L2"
"1179","CLMN"
"1180","LINC02292"
"1181","C14ORF132"
"1182","LINC01550"
"1183","BCL11B"
"1184","CYP46A1"
"1185","EML1"
"1186","KIF26A-DT"
"1187","MTA1-DT"
"1188","TEDC1"
"1189","TMEM121"
"1190","ARHGAP11B"
"1191","ARHGAP11A"
"1192","CHRM5"
"1193","EMC4"
"1194","THBS1-AS1"
"1195","BUB1B"
"1196","DISP2"
"1197","NUSAP1"
"1198","PLA2G4B"
"1199","LCMT2"
"1200","ADAL"
"1201","MAP1A"
"1202","DUOX2"
"1203","DUOXA1"
"1204","DUOX1"
"1205","SLC30A4-AS1"
"1206","SLC30A4"
"1207","EID1"
"1208","RSL24D1"
"1209","MINDY2-DT"
"1210","PIF1"
"1211","KBTBD13"
"1212","MEGF11"
"1213","LINC02206"
"1214","C15ORF61"
"1215","MAP2K5-DT"
"1216","EWSAT1"
"1217","GLCE"
"1218","PAQR5"
"1219","KIF23-AS1"
"1220","KIF23"
"1221","THAP10"
"1222","INSYN1"
"1223","LOC124903523"
"1224","STRA6"
"1225","NRG4"
"1226","RCN2"
"1227","SKIC8"
"1228","CRABP1"
"1229","SH3GL3"
"1230","MIR9-3HG"
"1231","BLM"
"1232","PRC1"
"1233","LINC02251"
"1234","PGPEP1L"
"1235","LINS1"
"1236","LINC02348"
"1237","FAM138E"
"1238","SNRNP25"
"1239","PDIA2"
"1240","WDR90"
"1241","UQCC4"
"1242","BRICD5"
"1243","ECI1-AS1"
"1244","CCNF"
"1245","TEDC2"
"1246","LOC101929566"
"1247","PAQR4"
"1248","GREP1"
"1249","TFAP4"
"1250","SEPTIN12"
"1251","ROGDI"
"1252","EEF2KMT"
"1253","RBFOX1"
"1254","LINC01570"
"1255","LINC02177"
"1256","GRIN2A"
"1257","SNX29-AS2"
"1258","NPIPA3"
"1259","LOC102723692"
"1260","CCP110"
"1261","ERI2"
"1262","LOC105371129"
"1263","PLK1"
"1264","C16ORF82"
"1265","SULT1A1"
"1266","BOLA2"
"1267","KIF22"
"1268","HIRIP3"
"1269","LOC112694756"
"1270","ZNF771"
"1271","ZNF688"
"1272","CFAP119"
"1273","NETO2"
"1274","ITFG1-AS1"
"1275","NKD1"
"1276","NKD1-AS1"
"1277","NOD2"
"1278","CYLD-AS1"
"1279","TOX3"
"1280","RPGRIP1L"
"1281","IRX3"
"1282","LOC105371272"
"1283","LINC02183"
"1284","CRNDE"
"1285","CES1P1"
"1286","CES1"
"1287","CX3CL1"
"1288","ADGRG1"
"1289","ADGRG3"
"1290","CNGB1"
"1291","GINS3"
"1292","HSD11B2"
"1293","TMEM231"
"1294","GABARAPL2"
"1295","CNTNAP4"
"1296","SYCE1L"
"1297","LINC02131"
"1298","VAT1L"
"1299","CENPN-AS1"
"1300","C16ORF46-AS1"
"1301","LOC101928392"
"1302","LOC101928682"
"1303","SLC7A5-AS1"
"1304","LOC105371401"
"1305","LINC02182"
"1306","PABPN1L"
"1307","LOC105371414"
"1308","DOC2B"
"1309","C17ORF97"
"1310","MRM3-AS1"
"1311","VMO1"
"1312","CAMTA2-AS1"
"1313","DHX33-DT"
"1314","PIMREG"
"1315","PITPNM3"
"1316","MED31"
"1317","C17ORF100"
"1318","SLC16A11"
"1319","ASGR1"
"1320","ACAP1"
"1321","NLGN2"
"1322","SPEM2"
"1323","WRAP53"
"1324","EFNB3"
"1325","CHD3"
"1326","RNF227"
"1327","KCNAB3"
"1328","AURKB"
"1329","SLC25A35"
"1330","RNF222"
"1331","DHRS7C"
"1332","DNAH9"
"1333","CENPV"
"1334","RASD1"
"1335","PEMT"
"1336","SREBF1"
"1337","B9D1"
"1338","SLC47A2"
"1339","TMEM97"
"1340","FOXN1"
"1341","SPAG5"
"1342","DHRS13"
"1343","TMEM132E-DT"
"1344","SLFN13"
"1345","HEATR9"
"1346","CCL3-AS1"
"1347","C17ORF78"
"1348","C17ORF98"
"1349","LASP1NB"
"1350","PNMT"
"1351","CSF3"
"1352","RARA-AS1"
"1353","TOP2A"
"1354","KRT10"
"1355","KRT10-AS1"
"1356","KRT37"
"1357","KRT9"
"1358","P3H4"
"1359","KCNH4"
"1360","PSMC3IP"
"1361","COA3"
"1362","MEOX1"
"1363","MPP2"
"1364","GFAP"
"1365","KIF18B"
"1366","FMNL1-AS1"
"1367","TBX21"
"1368","LINC03057"
"1369","TMEM92-AS1"
"1370","NME1"
"1371","LOC101927557"
"1372","DYNLL2-DT"
"1373","TSPOAP1"
"1374","MTMR4"
"1375","SKA2"
"1376","PRR11-AS1"
"1377","TBX2-AS1"
"1378","BRIP1"
"1379","LOC107985020"
"1380","MARCHF10-DT"
"1381","AXIN2"
"1382","LINC01152"
"1383","LINC00469"
"1384","TTYH2"
"1385","MRPL58"
"1386","KCTD2"
"1387","SAP30BP-AS1"
"1388","H3-3B"
"1389","GALR2"
"1390","AANAT"
"1391","SRSF2"
"1392","TNRC6C"
"1393","LINC02078"
"1394","LOC400627"
"1395","CEP131"
"1396","TMEM105"
"1397","ALYREF"
"1398","NOTUM"
"1399","CENPX"
"1400","DCXR"
"1401","METRNL"
"1402","TYMS"
"1403","NDC80"
"1404","DLGAP1"
"1405","DLGAP1-AS3"
"1406","DLGAP1-AS4"
"1407","DLGAP1-AS5"
"1408","AKAIN1"
"1409","LINC02974"
"1410","EPB41L3"
"1411","EPB41L3-AS1"
"1412","LINC01254"
"1413","CHMP1B-AS1"
"1414","LOC101927511"
"1415","CYP4F35P"
"1416","MIR133A1HG"
"1417","GATA6-AS1"
"1418","CTAGE1"
"1419","TTC39C-AS1"
"1420","OSBPL1A"
"1421","DSG4"
"1422","CCDC178"
"1423","NOL4"
"1424","RNF165"
"1425","SKA1"
"1426","MAPK4"
"1427","ELAC1"
"1428","CDH20"
"1429","BCL2"
"1430","KDSR-DT"
"1431","HMSD"
"1432","LOC105372165"
"1433","LOC105372180"
"1434","ZNF407-AS1"
"1435","LINC01893"
"1436","LINC01927"
"1437","KLF16-AS1"
"1438","IZUMO4"
"1439","LSM7"
"1440","SPPL2B"
"1441","TMIGD2"
"1442","UHRF1"
"1443","LOC105372253"
"1444","PET100"
"1445","MAP2K7-AS1"
"1446","NDUFA7"
"1447","S1PR2"
"1448","RAVER1"
"1449","CDKN2D"
"1450","QTRT1"
"1451","FARSA-AS1"
"1452","ASF1B"
"1453","LINC01842"
"1454","MAST3-AS1"
"1455","KXD1-AS1"
"1456","PBX4"
"1457","LINC01533"
"1458","NUDT19"
"1459","FAAP24"
"1460","CEBPG"
"1461","HAUS5"
"1462","ARHGAP33"
"1463","TBCB"
"1464","LINC01535"
"1465","DPF1"
"1466","IFNL4"
"1467","ATP1A3"
"1468","PAFAH1B3"
"1469","LIPE"
"1470","PSG8-AS1"
"1471","PSG10P"
"1472","PSG2"
"1473","ZNF575"
"1474","PINLYP"
"1475","PLAUR"
"1476","NKPD1"
"1477","IRF2BP1"
"1478","C5AR1"
"1479","LIG1"
"1480","SYNGR4"
"1481","CGB7"
"1482","FUZ"
"1483","SIGLEC16"
"1484","MYADM-AS2"
"1485","TSEN34"
"1486","CDC42EP5"
"1487","LAIR2"
"1488","HSPBP1"
"1489","NLRP9"
"1490","NLRP5"
"1491","ZNF446"
"1492","ZCCHC3"
"1493","ADISSP"
"1494","PCNA"
"1495","TRMT6"
"1496","LINC01706"
"1497","TMX4"
"1498","TMX4-AS1"
"1499","ISM1"
"1500","ISM1-AS1"
"1501","LINC00652"
"1502","LINC01427"
"1503","LOC284788"
"1504","NXT1"
"1505","APMAP"
"1506","DEFB123"
"1507","TPX2"
"1508","GGT7"
"1509","SNHG11"
"1510","UBE2C"
"1511","SPATA25"
"1512","TP53RK-DT"
"1513","EYA2"
"1514","KCNB1"
"1515","KCNG1"
"1516","LINC01524"
"1517","LOC105372668"
"1518","TSHZ2"
"1519","CYP24A1"
"1520","DOK5"
"1521","LINC01440"
"1522","LOC105372676"
"1523","CBLN4"
"1524","AURKA"
"1525","LOC105372686"
"1526","HMGB1P1"
"1527","CABLES2"
"1528","MIR1-1HG"
"1529","HAR1A"
"1530","LOC100130587"
"1531","FNDC11"
"1532","NPBWR2"
"1533","LOC105377134"
"1534","LIPI"
"1535","HSPA13"
"1536","LOC105369292"
"1537","LINC00158"
"1538","BACH1-AS1"
"1539","BACH1-IT3"
"1540","GRIK1"
"1541","EVA1C"
"1542","TCP10L"
"1543","MRPS6"
"1544","KCNE2"
"1545","SMIM34"
"1546","LCA5L"
"1547","LINC00323"
"1548","BACE2"
"1549","MX2"
"1550","ZNF295-AS1"
"1551","LINC01671"
"1552","CRYAA"
"1553","LINC01679"
"1554","KRTAP10-9"
"1555","ADARB1"
"1556","LINC00334"
"1557","PCBP3-AS1"
"1558","MCM3AP-AS1"
"1559","C21ORF58"
"1560","PSLNR"
"1561","BID"
"1562","GGTLC3"
"1563","RANBP1"
"1564","THAP7"
"1565","TUBA3FP"
"1566","IGLV1-51"
"1567","RAB36"
"1568","DERL3"
"1569","C22ORF31"
"1570","KREMEN1"
"1571","UQCR10"
"1572","CCDC157"
"1573","LOC105372990"
"1574","YWHAH-AS1"
"1575","LINC01643"
"1576","FOXRED2"
"1577","TEX33"
"1578","NOL12"
"1579","POLR2F-AS1"
"1580","SUN2"
"1581","ENTHD1"
"1582","CHADL"
"1583","SMIM45"
"1584","MCAT"
"1585","TSPO"
"1586","EFCAB6-AS1"
"1587","PNPLA3"
"1588","RTL6"
"1589","RIBC2"
"1590","GTSE1"
"1591","SELENOO-AS1"
"1592","DENND6B"
"1593","SYCE3"
"1594","MAPK8IP2"
"1595","LOC105373100"
"1596","FAM104B"
"1597","LOC124905202"
"1598","LOC105373334"
"1599","LOC124905564"
