"ONTOLOGY","ID","Description","GeneRatio","BgRatio","RichFactor","FoldEnrichment","zScore","pvalue","p.adjust","qvalue","geneID","Count"
"BP","GO:0007389","pattern specification process","12/80","486/18860",0.0246913580246914,5.82098765432099,7.02762902295919,9.20265891028291e-07,0.00141905000396562,0.00113434879830961,"FOXG1/SIX3/LRP2/FEZF1/MEIS2/PAX2/CXXC4/ADGRG1/MEIS1/FZD5/PAX8/DMRTA2",12
"BP","GO:0021871","forebrain regionalization","4/80","24/18860",0.166666666666667,39.2916666666667,12.2510152206513,2.98961770795063e-06,0.00169344940722229,0.00135369599007257,"SIX3/FEZF1/ADGRG1/DMRTA2",4
"BP","GO:2000177","regulation of neural precursor cell proliferation","6/80","96/18860",0.0625,14.734375,8.80518196248004,3.29464865218344e-06,0.00169344940722229,0.00135369599007257,"FOXG1/SIX3/VAX1/LRP2/ADGRG1/DMRTA2",6
"BP","GO:0007409","axonogenesis","11/80","472/18860",0.0233050847457627,5.49417372881356,6.4537202824398,4.74645544177523e-06,0.00182975857280435,0.00146265771639968,"FOXG1/SLITRK1/VAX1/FEZF1/NRCAM/PAX2/RGMA/SEMA6D/SEMA5A/SCN11A/SEMA5B",11
"BP","GO:0001654","eye development","10/80","432/18860",0.0231481481481481,5.45717592592593,6.11672671724182,1.41040015957517e-05,0.00327068644536875,0.00261449506964762,"SIX3/VAX1/SMOC1/MEIS2/PAX2/MAF/SIX6/MEIS1/FZD5/DIO3",10
"BP","GO:0150063","visual system development","10/80","436/18860",0.0229357798165138,5.40711009174312,6.07661486190443,1.52712771741864e-05,0.00327068644536875,0.00261449506964762,"SIX3/VAX1/SMOC1/MEIS2/PAX2/MAF/SIX6/MEIS1/FZD5/DIO3",10
"BP","GO:0003002","regionalization","10/80","440/18860",0.0227272727272727,5.35795454545454,6.03699409749708,1.65209426015957e-05,0.00327068644536875,0.00261449506964762,"FOXG1/SIX3/LRP2/FEZF1/PAX2/CXXC4/ADGRG1/FZD5/PAX8/DMRTA2",10
"BP","GO:0048880","sensory system development","10/80","443/18860",0.0225733634311512,5.32167042889391,6.00759425499306,1.75151311275199e-05,0.00327068644536875,0.00261449506964762,"SIX3/VAX1/SMOC1/MEIS2/PAX2/MAF/SIX6/MEIS1/FZD5/DIO3",10
"BP","GO:0021978","telencephalon regionalization","3/80","13/18860",0.230769230769231,54.4038461538462,12.5712836832421,2.03850009345454e-05,0.00327068644536875,0.00261449506964762,"SIX3/ADGRG1/DMRTA2",3
"BP","GO:0060537","muscle tissue development","10/80","453/18860",0.022075055187638,5.20419426048565,5.91148918818228,2.12106773370217e-05,0.00327068644536875,0.00261449506964762,"GREB1L/IGFBP5/VAX1/LRP2/MYLK/NRG1/MEIS1/FHOD3/EGR1/DMRTA2",10
"BP","GO:0050767","regulation of neurogenesis","9/80","378/18860",0.0238095238095238,5.61309523809524,5.91317003613582,3.13880070531622e-05,0.00419682722683041,0.00335482605134713,"FOXG1/SLITRK1/VAX1/LRP2/FEZF1/RGMA/SEMA6D/SEMA5A/DMRTA2",9
"BP","GO:1902742","apoptotic process involved in development","4/80","43/18860",0.0930232558139535,21.9302325581395,8.96787650384372,3.2660134060937e-05,0.00419682722683041,0.00335482605134713,"SIX3/PAX2/FZD5/PAX8",4
"BP","GO:0050919","negative chemotaxis","4/80","46/18860",0.0869565217391304,20.5,8.64230297006992,4.2771616908317e-05,0.00494925519666013,0.00395629588046215,"NRG1/SEMA6D/SEMA5A/SEMA5B",4
"BP","GO:1902692","regulation of neuroblast proliferation","4/80","47/18860",0.0851063829787234,20.063829787234,8.54056461451046,4.66002177848609e-05,0.00494925519666013,0.00395629588046215,"FOXG1/SIX3/VAX1/DMRTA2",4
"BP","GO:0016049","cell growth","10/80","499/18860",0.0200400801603206,4.72444889779559,5.50326792852337,4.81445058040868e-05,0.00494925519666013,0.00395629588046215,"SLITRK1/IGFBP5/NRCAM/NRG1/RGMA/MEIS1/SEMA6D/SEMA5A/SEMA5B/GNG4",10
"BP","GO:0048588","developmental cell growth","7/80","238/18860",0.0294117647058824,6.93382352941177,6.01265760728031,6.77575815083828e-05,0.00593197346800053,0.00474185332174798,"SLITRK1/NRCAM/RGMA/MEIS1/SEMA6D/SEMA5A/SEMA5B",7
"BP","GO:0030900","forebrain development","9/80","419/18860",0.0214797136038186,5.06384248210024,5.49045293854107,6.96138032880501e-05,0.00593197346800053,0.00474185332174798,"FOXG1/SIX3/LRP2/FEZF1/POU3F1/GRIA1/ADGRG1/SEMA5A/DMRTA2",9
"BP","GO:0007411","axon guidance","7/80","243/18860",0.0288065843621399,6.79115226337449,5.93020628747532,7.71999458827326e-05,0.00593197346800053,0.00474185332174798,"FOXG1/VAX1/FEZF1/NRCAM/SEMA6D/SEMA5A/SEMA5B",7
"BP","GO:0097485","neuron projection guidance","7/80","244/18860",0.0286885245901639,6.76331967213115,5.91399518953529,7.92115905620148e-05,0.00593197346800053,0.00474185332174798,"FOXG1/VAX1/FEZF1/NRCAM/SEMA6D/SEMA5A/SEMA5B",7
"BP","GO:0061351","neural precursor cell proliferation","6/80","168/18860",0.0357142857142857,8.41964285714286,6.30472699403218,7.96191704347134e-05,0.00593197346800053,0.00474185332174798,"FOXG1/SIX3/VAX1/LRP2/ADGRG1/DMRTA2",6
"BP","GO:2000179","positive regulation of neural precursor cell proliferation","4/80","54/18860",0.0740740740740741,17.462962962963,7.90702651171306,8.07856308871668e-05,0.00593197346800053,0.00474185332174798,"FOXG1/LRP2/ADGRG1/DMRTA2",4
"BP","GO:0048863","stem cell differentiation","7/80","265/18860",0.0264150943396226,6.22735849056604,5.59324264608761,0.000132414665043043,0.00928106424983514,0.00741902262035425,"SOX21/PAX2/NRG1/SEMA6D/SEMA5A/SEMA5B/DMRTA2",7
"BP","GO:0051960","regulation of nervous system development","9/80","466/18860",0.01931330472103,4.55311158798283,5.06897610627416,0.000155773023601872,0.010443565321482,0.00834829339303394,"FOXG1/SLITRK1/VAX1/LRP2/FEZF1/RGMA/SEMA6D/SEMA5A/DMRTA2",9
"BP","GO:0042446","hormone biosynthetic process","4/80","65/18860",0.0615384615384615,14.5076923076923,7.11988866170158,0.000166942750756037,0.0107260717360754,0.0085741211024263,"HSD17B8/EGR1/CYP19A1/DIO3",4
"BP","GO:0048596","embryonic camera-type eye morphogenesis","3/80","27/18860",0.111111111111111,26.1944444444444,8.5503411888045,0.000199743195508184,0.0123201602989448,0.00984839081852983,"SIX3/PAX2/FZD5",3
"BP","GO:0060561","apoptotic process involved in morphogenesis","3/80","29/18860",0.103448275862069,24.3879310344828,8.2264155095109,0.000248005473542582,0.014708632315487,0.0117576684015532,"PAX2/FZD5/PAX8",3
"BP","GO:0090596","sensory organ morphogenesis","7/80","300/18860",0.0233333333333333,5.50083333333333,5.12886304614042,0.000282968591801589,0.0161606506873352,0.0129183711890706,"FOXG1/SIX3/PAX2/MEIS1/FZD5/PAX8/DIO3",7
"BP","GO:0007405","neuroblast proliferation","4/80","76/18860",0.0526315789473684,12.4078947368421,6.50391401957417,0.00030537895785641,0.0168176554648066,0.0134435623928517,"FOXG1/SIX3/VAX1/DMRTA2",4
"BP","GO:0009880","embryonic pattern specification","4/80","78/18860",0.0512820512820513,12.0897435897436,6.40552038747353,0.000337352528195882,0.017937848223381,0.0143390130859302,"MEIS2/CXXC4/MEIS1/FZD5",4
"BP","GO:0048593","camera-type eye morphogenesis","5/80","143/18860",0.034965034965035,8.24300699300699,5.6744703728946,0.000355777949333757,0.0181964068354914,0.0145456975932558,"SIX3/PAX2/MEIS1/FZD5/DIO3",5
"BP","GO:0060292","long-term synaptic depression","3/80","33/18860",0.0909090909090909,21.4318181818182,7.66707927381238,0.000365816220428167,0.0181964068354914,0.0145456975932558,"GRIA1/SORCS3/SORCS2",3
"BP","GO:0014032","neural crest cell development","4/80","82/18860",0.048780487804878,11.5,6.219107841359,0.000408384867082705,0.0190827110618646,0.015254184349405,"NRG1/SEMA6D/SEMA5A/SEMA5B",4
"BP","GO:0019226","transmission of nerve impulse","4/80","82/18860",0.048780487804878,11.5,6.219107841359,0.000408384867082705,0.0190827110618646,0.015254184349405,"NRCAM/GRIA1/CACNG8/SCN11A",4
"BP","GO:0014706","striated muscle tissue development","8/80","430/18860",0.0186046511627907,4.38604651162791,4.63576069963642,0.000472613363989005,0.0214344060962072,0.0171340634436881,"GREB1L/VAX1/LRP2/NRG1/MEIS1/FHOD3/EGR1/DMRTA2",8
"BP","GO:0048048","embryonic eye morphogenesis","3/80","37/18860",0.0810810810810811,19.1148648648649,7.19860045115838,0.000514646552214126,0.0226738566718338,0.0181248454930148,"SIX3/PAX2/FZD5",3
"BP","GO:0048864","stem cell development","4/80","88/18860",0.0454545454545455,10.7159090909091,5.96246764898208,0.000534099379626719,0.0228772567606778,0.0182874378228915,"NRG1/SEMA6D/SEMA5A/SEMA5B",4
"BP","GO:0010092","specification of animal organ identity","3/80","38/18860",0.0789473684210526,18.6118421052632,7.09284103928115,0.000557057523213154,0.0232157486701266,0.0185580187676416,"LRP2/PAX2/PAX8",3
"BP","GO:0060560","developmental growth involved in morphogenesis","6/80","246/18860",0.024390243902439,5.75,4.89438172648531,0.000622060734604608,0.0243877905843059,0.0194949162224194,"SLITRK1/NRCAM/RGMA/SEMA6D/SEMA5A/SEMA5B",6
"BP","GO:0001656","metanephros development","4/80","92/18860",0.0434782608695652,10.25,5.80474543696841,0.000631829733224604,0.0243877905843059,0.0194949162224194,"GREB1L/PAX2/EGR1/PAX8",4
"BP","GO:0031076","embryonic camera-type eye development","3/80","40/18860",0.075,17.68125,6.89295283802416,0.000648443199712414,0.0243877905843059,0.0194949162224194,"SIX3/PAX2/FZD5",3
"BP","GO:0072210","metanephric nephron development","3/80","40/18860",0.075,17.68125,6.89295283802416,0.000648443199712414,0.0243877905843059,0.0194949162224194,"PAX2/EGR1/PAX8",3
"BP","GO:0014033","neural crest cell differentiation","4/80","95/18860",0.0421052631578947,9.92631578947368,5.69267375177405,0.000712998665677373,0.0261772367255835,0.0209253493109825,"NRG1/SEMA6D/SEMA5A/SEMA5B",4
"BP","GO:0072173","metanephric tubule morphogenesis","2/80","10/18860",0.2,47.15,9.52735960811914,0.000782142615339923,0.026801420285648,0.0214243041535216,"PAX2/PAX8",2
"BP","GO:0072205","metanephric collecting duct development","2/80","10/18860",0.2,47.15,9.52735960811914,0.000782142615339923,0.026801420285648,0.0214243041535216,"PAX2/PAX8",2
"BP","GO:2001054","negative regulation of mesenchymal cell apoptotic process","2/80","10/18860",0.2,47.15,9.52735960811914,0.000782142615339923,0.026801420285648,0.0214243041535216,"PAX2/PAX8",2
"BP","GO:1990138","neuron projection extension","5/80","174/18860",0.028735632183908,6.77442528735632,4.9943819027854,0.000867849426172035,0.0290918220686365,0.023255187140674,"SLITRK1/NRCAM/SEMA6D/SEMA5A/SEMA5B",5
"BP","GO:0061387","regulation of extent of cell growth","4/80","101/18860",0.0396039603960396,9.33663366336634,5.48280869321054,0.00089703483346334,0.0294004678966399,0.023501909964479,"NRCAM/RGMA/SEMA6D/SEMA5A",4
"BP","GO:0048592","eye morphogenesis","5/80","177/18860",0.0282485875706215,6.65960451977401,4.93748672300222,0.000936937881215691,0.0294004678966399,0.023501909964479,"SIX3/PAX2/MEIS1/FZD5/DIO3",5
"BP","GO:0003337","mesenchymal to epithelial transition involved in metanephros morphogenesis","2/80","11/18860",0.181818181818182,42.8636363636364,9.06453780344064,0.00095332256474189,0.0294004678966399,0.023501909964479,"PAX2/PAX8",2
"BP","GO:0006703","estrogen biosynthetic process","2/80","11/18860",0.181818181818182,42.8636363636364,9.06453780344064,0.00095332256474189,0.0294004678966399,0.023501909964479,"HSD17B8/CYP19A1",2
"BP","GO:0007517","muscle organ development","7/80","373/18860",0.0187667560321716,4.42426273458445,4.35958153666119,0.0010298857389792,0.0303094386555107,0.0242285157113817,"VAX1/LRP2/MYLK/NRG1/SCN11A/EGR1/DMRTA2",7
"BP","GO:0048806","genitalia development","3/80","47/18860",0.0638297872340425,15.0478723404255,6.2934238691189,0.00104176410424259,0.0303094386555107,0.0242285157113817,"GREB1L/LRP2/CYP19A1",3
"BP","GO:0120178","steroid hormone biosynthetic process","3/80","47/18860",0.0638297872340425,15.0478723404255,6.2934238691189,0.00104176410424259,0.0303094386555107,0.0242285157113817,"HSD17B8/EGR1/CYP19A1",3
"BP","GO:0008038","neuron recognition","3/80","48/18860",0.0625,14.734375,6.21825552663803,0.00110783682196144,0.030330642940003,0.0242454658220654,"FOXG1/NRCAM/SEMA5A",3
"BP","GO:0043010","camera-type eye development","7/80","379/18860",0.0184696569920844,4.3542216358839,4.30531722996483,0.00112953427526175,0.030330642940003,0.0242454658220654,"SIX3/VAX1/PAX2/MAF/MEIS1/FZD5/DIO3",7
"BP","GO:0072017","distal tubule development","2/80","12/18860",0.166666666666667,39.2916666666667,8.66001782501531,0.00114084130383928,0.030330642940003,0.0242454658220654,"PAX2/PAX8",2
"BP","GO:0072182","regulation of nephron tubule epithelial cell differentiation","2/80","12/18860",0.166666666666667,39.2916666666667,8.66001782501531,0.00114084130383928,0.030330642940003,0.0242454658220654,"PAX2/PAX8",2
"BP","GO:1904672","regulation of somatic stem cell population maintenance","2/80","12/18860",0.166666666666667,39.2916666666667,8.66001782501531,0.00114084130383928,0.030330642940003,0.0242454658220654,"PAX2/PAX8",2
"BP","GO:0071526","semaphorin-plexin signaling pathway","3/80","49/18860",0.0612244897959184,14.4336734693878,6.14530462422478,0.00117650006372919,0.0307485270893291,0.0245795106980711,"SEMA6D/SEMA5A/SEMA5B",3
"BP","GO:0007416","synapse assembly","6/80","284/18860",0.0211267605633803,4.9806338028169,4.41155629198391,0.00130788859642939,0.0333210419473554,0.0266359069700001,"SLITRK1/NRCAM/GRIA1/SRGAP3/FZD5/PCDHB11",6
"BP","GO:0072283","metanephric renal vesicle morphogenesis","2/80","13/18860",0.153846153846154,36.2692307692308,8.30238900794596,0.00134456063164014,0.0333210419473554,0.0266359069700001,"PAX2/PAX8",2
"BP","GO:2001053","regulation of mesenchymal cell apoptotic process","2/80","13/18860",0.153846153846154,36.2692307692308,8.30238900794596,0.00134456063164014,0.0333210419473554,0.0266359069700001,"PAX2/PAX8",2
"BP","GO:0048675","axon extension","4/80","113/18860",0.0353982300884956,8.34513274336283,5.11127809483545,0.00136136552703203,0.0333210419473554,0.0266359069700001,"NRCAM/SEMA6D/SEMA5A/SEMA5B",4
"BP","GO:0021537","telencephalon development","6/80","291/18860",0.0206185567010309,4.86082474226804,4.33200404961004,0.00148056314988257,0.0342217249857186,0.0273558877454273,"FOXG1/SIX3/FEZF1/GRIA1/ADGRG1/DMRTA2",6
"BP","GO:0001764","neuron migration","5/80","197/18860",0.0253807106598985,5.98350253807107,4.58916421707647,0.00150719154176917,0.0342217249857186,0.0273558877454273,"FOXG1/VAX1/FEZF1/NRCAM/ADGRG1",5
"BP","GO:0050771","negative regulation of axonogenesis","3/80","54/18860",0.0555555555555556,13.0972222222222,5.81019692775765,0.00155999326667708,0.0342217249857186,0.0273558877454273,"RGMA/SEMA6D/SEMA5A",3
"BP","GO:0032352","positive regulation of hormone metabolic process","2/80","14/18860",0.142857142857143,33.6785714285714,7.98314498914485,0.00156434320015426,0.0342217249857186,0.0273558877454273,"EGR1/PAX8",2
"BP","GO:0042447","hormone catabolic process","2/80","14/18860",0.142857142857143,33.6785714285714,7.98314498914485,0.00156434320015426,0.0342217249857186,0.0273558877454273,"CYP19A1/DIO3",2
"BP","GO:0072160","nephron tubule epithelial cell differentiation","2/80","14/18860",0.142857142857143,33.6785714285714,7.98314498914485,0.00156434320015426,0.0342217249857186,0.0273558877454273,"PAX2/PAX8",2
"BP","GO:1902337","regulation of apoptotic process involved in morphogenesis","2/80","14/18860",0.142857142857143,33.6785714285714,7.98314498914485,0.00156434320015426,0.0342217249857186,0.0273558877454273,"PAX2/PAX8",2
"BP","GO:0045664","regulation of neuron differentiation","5/80","199/18860",0.0251256281407035,5.92336683417085,4.55698718519178,0.00157570847859016,0.0342217249857186,0.0273558877454273,"FOXG1/SIX3/FEZF1/NRCAM/MEIS1",5
"BP","GO:0007548","sex differentiation","6/80","297/18860",0.0202020202020202,4.76262626262626,4.26581242232192,0.00164197879225379,0.0351657124674353,0.0281104848790817,"GREB1L/SIX3/LRP2/ADGRG1/CYP19A1/DMRTA2",6
"BP","GO:0072044","collecting duct development","2/80","15/18860",0.133333333333333,31.4333333333333,7.6957971398223,0.00180005250979034,0.0365180431126485,0.029191500092096,"PAX2/PAX8",2
"BP","GO:0072176","nephric duct development","2/80","15/18860",0.133333333333333,31.4333333333333,7.6957971398223,0.00180005250979034,0.0365180431126485,0.029191500092096,"GREB1L/PAX2",2
"BP","GO:0097152","mesenchymal cell apoptotic process","2/80","15/18860",0.133333333333333,31.4333333333333,7.6957971398223,0.00180005250979034,0.0365180431126485,0.029191500092096,"PAX2/PAX8",2
"BP","GO:1904748","regulation of apoptotic process involved in development","2/80","15/18860",0.133333333333333,31.4333333333333,7.6957971398223,0.00180005250979034,0.0365180431126485,0.029191500092096,"PAX2/PAX8",2
"BP","GO:0050805","negative regulation of synaptic transmission","3/80","57/18860",0.0526315789473684,12.4078947368421,5.62970826205201,0.00182353392974963,0.0365180431126485,0.029191500092096,"GRIA1/SORCS3/SORCS2",3
"BP","GO:0001558","regulation of cell growth","7/80","414/18860",0.0169082125603865,3.98611111111111,4.00969705602385,0.00187160127705222,0.0370001175540323,0.0295768568883691,"IGFBP5/NRCAM/NRG1/RGMA/SEMA6D/SEMA5A/GNG4",7
"BP","GO:0048839","inner ear development","5/80","210/18860",0.0238095238095238,5.61309523809524,4.38752071428254,0.00199429390804356,0.0376606497519622,0.0301048678131939,"FOXG1/EYA4/PAX2/MAF/PAX8",5
"BP","GO:0001755","neural crest cell migration","3/80","59/18860",0.0508474576271186,11.9872881355932,5.51674073986962,0.00201373955633635,0.0376606497519622,0.0301048678131939,"SEMA6D/SEMA5A/SEMA5B",3
"BP","GO:0001838","embryonic epithelial tube formation","4/80","126/18860",0.0317460317460317,7.48412698412698,4.76626358155399,0.0020302102761218,0.0376606497519622,0.0301048678131939,"LRP2/PAX2/RGMA/PAX8",4
"BP","GO:0051290","protein heterotetramerization","2/80","16/18860",0.125,29.46875,7.43529787414903,0.00205155290477615,0.0376606497519622,0.0301048678131939,"GRIN2B/HSD17B8",2
"BP","GO:0072077","renal vesicle morphogenesis","2/80","16/18860",0.125,29.46875,7.43529787414903,0.00205155290477615,0.0376606497519622,0.0301048678131939,"PAX2/PAX8",2
"BP","GO:2000696","regulation of epithelial cell differentiation involved in kidney development","2/80","16/18860",0.125,29.46875,7.43529787414903,0.00205155290477615,0.0376606497519622,0.0301048678131939,"PAX2/PAX8",2
"BP","GO:0001658","branching involved in ureteric bud morphogenesis","3/80","61/18860",0.0491803278688525,11.594262295082,5.40909730933544,0.00221586154681338,0.0397309128510027,0.0317597781067132,"GREB1L/PAX2/PAX8",3
"BP","GO:0090497","mesenchymal cell migration","3/80","61/18860",0.0491803278688525,11.594262295082,5.40909730933544,0.00221586154681338,0.0397309128510027,0.0317597781067132,"SEMA6D/SEMA5A/SEMA5B",3
"BP","GO:0072087","renal vesicle development","2/80","17/18860",0.117647058823529,27.7352941176471,7.19765345043549,0.00231870956860145,0.0406301153952663,0.0324785754166543,"PAX2/PAX8",2
"BP","GO:0072224","metanephric glomerulus development","2/80","17/18860",0.117647058823529,27.7352941176471,7.19765345043549,0.00231870956860145,0.0406301153952663,0.0324785754166543,"PAX2/EGR1",2
"BP","GO:0003231","cardiac ventricle development","4/80","133/18860",0.0300751879699248,7.09022556390977,4.60025200130701,0.00247102057451553,0.0428125137741904,0.0342231235098485,"GREB1L/LRP2/NRG1/PAX8",4
"BP","GO:0021987","cerebral cortex development","4/80","134/18860",0.0298507462686567,7.03731343283582,4.57751886382064,0.0025389435470012,0.0435005661052872,0.0347731332577591,"FOXG1/GRIA1/ADGRG1/DMRTA2",4
"BP","GO:0007601","visual perception","5/80","224/18860",0.0223214285714286,5.26227678571429,4.18837768213064,0.00263819428884069,0.0447043471801356,0.0357354021079519,"SIX3/EYA4/PAX2/SIX6/SEMA5B",5
"BP","GO:0055007","cardiac muscle cell differentiation","4/80","137/18860",0.0291970802919708,6.88321167883212,4.51069611128124,0.0027504010950314,0.0456473809832165,0.0364892368976357,"GREB1L/NRG1/MEIS1/FHOD3",4
"BP","GO:0050953","sensory perception of light stimulus","5/80","228/18860",0.0219298245614035,5.16995614035088,4.13452576455181,0.00284703634458893,0.0456473809832165,0.0364892368976357,"SIX3/EYA4/PAX2/SIX6/SEMA5B",5
"BP","GO:0048638","regulation of developmental growth","6/80","332/18860",0.0180722891566265,4.2605421686747,3.91202049999568,0.00286618115471292,0.0456473809832165,0.0364892368976357,"NRCAM/NRG1/RGMA/SEMA6D/SEMA5A/DIO3",6
"BP","GO:0060675","ureteric bud morphogenesis","3/80","67/18860",0.0447761194029851,10.5559701492537,5.11411699021907,0.00289621239784513,0.0456473809832165,0.0364892368976357,"GREB1L/PAX2/PAX8",3
"BP","GO:0072175","epithelial tube formation","4/80","139/18860",0.0287769784172662,6.7841726618705,4.46725410694517,0.0028978985581508,0.0456473809832165,0.0364892368976357,"LRP2/PAX2/RGMA/PAX8",4
"BP","GO:0030540","female genitalia development","2/80","19/18860",0.105263157894737,24.8157894736842,6.77869881355797,0.0028994566058564,0.0456473809832165,0.0364892368976357,"LRP2/CYP19A1",2
"BP","GO:0045926","negative regulation of growth","5/80","229/18860",0.0218340611353712,5.14737991266376,4.12125994289289,0.00290106571748068,0.0456473809832165,0.0364892368976357,"IGFBP5/RGMA/SEMA6D/SEMA5A/GNG4",5
"BP","GO:0001655","urogenital system development","3/80","68/18860",0.0441176470588235,10.4007352941176,5.06858003115988,0.00302070447873307,0.0461180822396673,0.0368655022886548,"PAX2/CYP19A1/PAX8",3
"BP","GO:0030219","megakaryocyte differentiation","3/80","68/18860",0.0441176470588235,10.4007352941176,5.06858003115988,0.00302070447873307,0.0461180822396673,0.0368655022886548,"MAF/MEIS1/MPIG6B",3
"BP","GO:0072171","mesonephric tubule morphogenesis","3/80","68/18860",0.0441176470588235,10.4007352941176,5.06858003115988,0.00302070447873307,0.0461180822396673,0.0368655022886548,"GREB1L/PAX2/PAX8",3
"BP","GO:0048645","animal organ formation","3/80","69/18860",0.0434782608695652,10.25,5.0239795346495,0.00314844348435411,0.047146906147456,0.0376879152834125,"LRP2/PAX2/PAX8",3
"BP","GO:0048266","behavioral response to pain","2/80","20/18860",0.1,23.575,6.5926320489759,0.00321278150187987,0.047146906147456,0.0376879152834125,"GRIA1/SCN11A",2
"BP","GO:0060231","mesenchymal to epithelial transition","2/80","20/18860",0.1,23.575,6.5926320489759,0.00321278150187987,0.047146906147456,0.0376879152834125,"PAX2/PAX8",2
"BP","GO:0072079","nephron tubule formation","2/80","20/18860",0.1,23.575,6.5926320489759,0.00321278150187987,0.047146906147456,0.0376879152834125,"PAX2/PAX8",2
"BP","GO:0050769","positive regulation of neurogenesis","5/80","235/18860",0.0212765957446809,5.01595744680851,4.04325770264733,0.00324096760806118,0.047146906147456,0.0376879152834125,"FOXG1/SLITRK1/LRP2/SEMA5A/DMRTA2",5
"BP","GO:0050768","negative regulation of neurogenesis","4/80","144/18860",0.0277777777777778,6.54861111111111,4.36230015700705,0.00329016754496965,0.0474153117228336,0.0379024711771712,"VAX1/RGMA/SEMA6D/SEMA5A",4
"BP","GO:0050770","regulation of axonogenesis","4/80","145/18860",0.0275862068965517,6.50344827586207,4.34190687302786,0.00337274727860802,0.0481553361445701,0.0384940259576023,"SLITRK1/RGMA/SEMA6D/SEMA5A",4
"BP","GO:0043583","ear development","5/80","238/18860",0.0210084033613445,4.95273109243698,4.00524527813698,0.00342128935121729,0.0484002585282299,0.0386898100461173,"FOXG1/EYA4/PAX2/MAF/PAX8",5
"BP","GO:0002544","chronic inflammatory response","2/80","21/18860",0.0952380952380952,22.452380952381,6.41967074984575,0.00354123170297453,0.0487551721963101,0.0389735180844284,"SCN11A/CYP19A1",2
"BP","GO:0007413","axonal fasciculation","2/80","21/18860",0.0952380952380952,22.452380952381,6.41967074984575,0.00354123170297453,0.0487551721963101,0.0389735180844284,"NRCAM/SEMA5A",2
"BP","GO:0106030","neuron projection fasciculation","2/80","21/18860",0.0952380952380952,22.452380952381,6.41967074984575,0.00354123170297453,0.0487551721963101,0.0389735180844284,"NRCAM/SEMA5A",2
"CC","GO:0098839","postsynaptic density membrane","7/82","121/19944",0.0578512396694215,14.0705502922798,9.26600540532364,6.62740864161429e-07,0.000101399352216699,8.37146354730226e-05,"SLITRK1/NRCAM/GRIA1/SORCS3/CACNG8/GRIN2B/SORCS2",7
"CC","GO:0099634","postsynaptic specialization membrane","7/82","150/19944",0.0466666666666667,11.350243902439,8.17560899151488,2.80593045645275e-06,0.000214653679918635,0.000177216660407542,"SLITRK1/NRCAM/GRIA1/SORCS3/CACNG8/GRIN2B/SORCS2",7
"CC","GO:0045211","postsynaptic membrane","7/82","320/19944",0.021875,5.32042682926829,5.0060889025532,0.000348157818818776,0.0177560487597576,0.0146592765818432,"SLITRK1/NRCAM/GRIA1/SORCS3/CACNG8/GRIN2B/SORCS2",7
"CC","GO:0014069","postsynaptic density","7/82","351/19944",0.0199430199430199,4.8505315822389,4.67643024729322,0.000604300217178796,0.0200292770608399,0.0165360388531186,"SLITRK1/NRCAM/GRIA1/SORCS3/CACNG8/GRIN2B/SORCS2",7
"CC","GO:0008328","ionotropic glutamate receptor complex","3/82","43/19944",0.0697674418604651,16.9688031764039,6.73534471781365,0.000734238243052313,0.0200292770608399,0.0165360388531186,"GRIA1/CACNG8/GRIN2B",3
"CC","GO:0032279","asymmetric synapse","7/82","367/19944",0.0190735694822888,4.63906426530205,4.52106102320686,0.000785461845523133,0.0200292770608399,0.0165360388531186,"SLITRK1/NRCAM/GRIA1/SORCS3/CACNG8/GRIN2B/SORCS2",7
"CC","GO:0099572","postsynaptic specialization","7/82","387/19944",0.0180878552971576,4.39931934203063,4.33897364343094,0.00106971312446499,0.0233808725775919,0.019303093975308,"SLITRK1/NRCAM/GRIA1/SORCS3/CACNG8/GRIN2B/SORCS2",7
"CC","GO:0098984","neuron to neuron synapse","7/82","403/19944",0.0173697270471464,4.22465653936936,4.2019731900799,0.00135084386063019,0.0258348888345524,0.0213291135888978,"SLITRK1/NRCAM/GRIA1/SORCS3/CACNG8/GRIN2B/SORCS2",7
"CC","GO:0030666","endocytic vesicle membrane","5/82","208/19944",0.0240384615384615,5.84662288930582,4.5147323654275,0.00167403895946296,0.0282269779284122,0.0233040065456448,"LRP2/GRIA1/CACNG8/FZD5/SGIP1",5
"CC","GO:0098878","neurotransmitter receptor complex","3/82","59/19944",0.0508474576271186,12.3670938404299,5.61827943116613,0.00184490051819688,0.0282269779284122,0.0233040065456448,"GRIA1/CACNG8/GRIN2B",3
"CC","GO:0097060","synaptic membrane","7/82","449/19944",0.0155902004454343,3.7918409473627,3.84452691294064,0.00248963701733485,0.0346285876047484,0.0285891332134146,"SLITRK1/NRCAM/GRIA1/SORCS3/CACNG8/GRIN2B/SORCS2",7
"CC","GO:0030669","clathrin-coated endocytic vesicle membrane","3/82","76/19944",0.0394736842105263,9.6007702182285,4.82678270076836,0.00379477478598392,0.0480477571055205,0.0396679109230303,"LRP2/FZD5/SGIP1",3
"CC","GO:0005905","clathrin-coated pit","3/82","78/19944",0.0384615384615385,9.3545966228893,4.75016017148226,0.00408248916582854,0.0480477571055205,0.0396679109230303,"LRP2/CDHR5/SGIP1",3
"MF","GO:0045499","chemorepellent activity","4/80","28/18662",0.142857142857143,33.325,11.2313180469092,5.92718946697894e-06,0.00114394756712694,0.000954589461523976,"NRG1/SEMA6D/SEMA5A/SEMA5B",4
"MF","GO:0030215","semaphorin receptor binding","3/80","24/18662",0.125,29.159375,9.05722591657413,0.000143877645499184,0.0138841927906712,0.0115859367165132,"SEMA6D/SEMA5A/SEMA5B",3
"MF","GO:0031994","insulin-like growth factor I binding","2/80","13/18662",0.153846153846154,35.8884615384615,8.25642314676352,0.00137280202035876,0.0469470420852736,0.0391758791330617,"IGFBP5/LRP2",2
"MF","GO:0008188","neuropeptide receptor activity","3/80","53/18662",0.0566037735849057,13.2042452830189,5.83785853094765,0.00152289269819348,0.0469470420852736,0.0391758791330617,"SORCS3/SORCS1/SORCS2",3
"MF","GO:0042813","Wnt receptor activity","2/80","15/18662",0.133333333333333,31.1033333333333,7.65282802148875,0.0018377540562189,0.0469470420852736,0.0391758791330617,"FZD8/FZD5",2
"MF","GO:0008528","G protein-coupled peptide receptor activity","4/80","124/18662",0.032258064516129,7.525,4.78328371970411,0.00198950562631845,0.0469470420852736,0.0391758791330617,"SORCS3/SORCS1/VIPR2/SORCS2",4
"MF","GO:0099507","ligand-gated monoatomic ion channel activity involved in regulation of presynaptic membrane potential","2/80","16/18662",0.125,29.159375,7.39360738252821,0.00209446109288328,0.0469470420852736,0.0391758791330617,"GRIA1/GRIN2B",2
"MF","GO:0001653","peptide receptor activity","4/80","130/18662",0.0307692307692308,7.17769230769231,4.63770399544122,0.00236275304015558,0.0469470420852736,0.0391758791330617,"SORCS3/SORCS1/VIPR2/SORCS2",4
"MF","GO:0004970","glutamate-gated receptor activity","2/80","18/18662",0.111111111111111,25.9194444444444,6.94018877261621,0.00265564207432077,0.0469470420852736,0.0391758791330617,"GRIA1/GRIN2B",2
"MF","GO:0001228","DNA-binding transcription activator activity, RNA polymerase II-specific","7/80","442/18662",0.0158371040723982,3.69440045248869,3.76153678433731,0.00286363871056924,0.0469470420852736,0.0391758791330617,"SIX3/SOX21/MEIS2/MAF/ONECUT1/MEIS1/EGR1",7
"MF","GO:0005520","insulin-like growth factor binding","2/80","19/18662",0.105263157894737,24.5552631578947,6.74020465353394,0.00295984057457134,0.0469470420852736,0.0391758791330617,"IGFBP5/LRP2",2
"MF","GO:0043395","heparan sulfate proteoglycan binding","2/80","19/18662",0.105263157894737,24.5552631578947,6.74020465353394,0.00295984057457134,0.0469470420852736,0.0391758791330617,"HPSE2/SEMA5A",2
"MF","GO:0001216","DNA-binding transcription activator activity","7/80","450/18662",0.0155555555555556,3.62872222222222,3.7037217731481,0.00316223599538112,0.0469470420852736,0.0391758791330617,"SIX3/SOX21/MEIS2/MAF/ONECUT1/MEIS1/EGR1",7
