"","baseMean","log2FoldChange","lfcSE","stat","pvalue","padj","gene","WT_mean","DN_mean","WT_log2","DN_log2","regulation","non_deg_group"
"CER1",256.107295438659,-2.41029898522754,0.181494132790338,-13.2803135185197,3.01130713044568e-40,2.11017347165981e-36,"CER1",559.319439453938,106.001223431019,9.12752866262714,6.72793710576772,"Down-regulated","Down-regulated"
"LINC01356",2076.38296442646,-0.92509561763822,0.0760877597837714,-12.1582711893107,5.1844247972991e-34,2.42199045113823e-30,"LINC01356",3034.51268494645,1598.81810416647,11.5672491360822,10.6427900989375,"Down-regulated","Down-regulated"
"NODAL",462.618101371162,-1.30257229410035,0.116423868057651,-11.1881894651992,4.65848691782626e-29,1.08814490255558e-25,"NODAL",767.753822027847,311.550241042819,9.58449997901026,8.28332102287535,"Down-regulated","Down-regulated"
"DACT1",919.862239741848,-1.12756044894802,0.104007440997546,-10.8411517304288,2.19687718291503e-27,3.07892337185541e-24,"DACT1",1441.7677734303,660.409472897623,10.493623092028,9.36721700415734,"Down-regulated","Down-regulated"
"PPP1R3B",960.071287248409,-0.852149019820855,0.0811568609067749,-10.500024400891,8.6357800568107e-26,9.31003519201553e-23,"PPP1R3B",1367.52099430458,757.846433720323,10.4173472662332,9.56576172714807,"Down-regulated","Down-regulated"
"SERPINE2",673.174776179326,-1.08393191682407,0.108791908532829,-9.96335050503307,2.20503625615618e-23,2.06023887533526e-20,"SERPINE2",1040.07755179769,491.223388370142,10.0224753893964,8.94023544242567,"Down-regulated","Down-regulated"
"PMAIP1",1949.98258615064,-0.7596100717524,0.0838731212278546,-9.05665677671395,1.34510044184223e-19,1.10891662896581e-16,"PMAIP1",2682.95224351883,1584.99775746655,11.3896056595543,10.6302650838317,"Down-regulated","Down-regulated"
"HAS2",647.463993647878,-0.873577745536239,0.0967798930673239,-9.02643842485488,1.77349885980472e-19,1.38086591778684e-16,"HAS2",929.554077934752,507.918951504441,9.86039498789296,8.98845449466346,"Down-regulated","Down-regulated"
"DSEL",4663.35288163979,-0.524264873988415,0.059505055561201,-8.81042575364387,1.24671440248206e-18,9.19615913199266e-16,"DSEL",5853.01918871617,4070.01972810161,12.5149652931132,11.9908200721672,"Down-regulated","Down-regulated"
"ERVH48-1",755.257464897173,-0.926170213441384,0.111638746358959,-8.29613591739388,1.07552475770852e-16,7.53673973964249e-14,"ERVH48-1",1104.8785690647,581.946912813411,10.1096721045641,9.18474374133774,"Down-regulated","Down-regulated"
"TUBB2A",1947.81523875853,-0.59828743394759,0.0722706087367023,-8.27843357632815,1.24806082863995e-16,8.32932024447091e-14,"TUBB2A",2518.18164563083,1664.13203532238,11.2981666383302,10.7005541887828,"Down-regulated","Down-regulated"
"FGF4",351.06547598512,-0.978659497800253,0.120503257471274,-8.12143603697645,4.6069961234156e-16,2.80726307259433e-13,"FGF4",523.447319237915,266.374554358722,9.03190053858584,8.05731246417407,"Down-regulated","Down-regulated"
"SLC39A8",643.308132541328,-0.862278083332861,0.106999006676266,-8.05874848858876,7.70795046330234e-16,4.50112190596593e-13,"SLC39A8",920.331785043719,506.296306290132,9.84601024479887,8.98383814880746,"Down-regulated","Down-regulated"
"GREM1",614.286564027951,-0.785863024204792,0.0988838589951945,-7.94733369217501,1.90568584189762e-15,1.06832748296781e-12,"GREM1",854.277962854017,495.790864614918,9.73856175655635,8.95358787851244,"Down-regulated","Down-regulated"
"GAL",732.26231678836,-0.890582940965862,0.11334917225975,-7.85698671821805,3.93484558136625e-15,2.08473973668367e-12,"GAL",1057.7494205514,571.018764906841,10.0467821800299,9.1573943462091,"Down-regulated","Down-regulated"
"PLBD1",626.134774016458,-0.744692701111766,0.0962747173661624,-7.73508062640652,1.03337593331932e-14,5.17241560909655e-12,"PLBD1",857.48077635464,511.961772847367,9.74396051800629,8.99989228089365,"Down-regulated","Down-regulated"
"NLRP7",892.226775281134,-0.729250077924863,0.0979308935189248,-7.44657841586974,9.5792108923236e-14,4.3307303437392e-11,"NLRP7",1214.61704129237,732.531642275517,10.2462858003718,9.5167472689929,"Down-regulated","Down-regulated"
"LHX1",63.4291759887156,-2.29913067944532,0.319425322889943,-7.19770949480258,6.12324277646483e-13,2.38381243089318e-10,"LHX1",136.376968701324,28.4552796324113,7.0914562128324,4.83062445191232,"Down-regulated","Down-regulated"
"PIM1",765.111485267102,-0.653118247957503,0.0936599902915494,-6.97328972514779,3.0961407379598e-12,1.08481031106266e-09,"PIM1",1011.04592281471,643.644266493296,9.98163281218234,9.33011974028329,"Down-regulated","Down-regulated"
"EOMES",107.141279149068,-1.49781517729787,0.221354356378901,-6.76659453105135,1.31848905235314e-11,4.50698148017788e-09,"EOMES",189.30212763735,67.5608549049268,7.56454681589613,6.07811567878887,"Down-regulated","Down-regulated"
"FST",1302.67891531169,-0.52200405814313,0.079471715324272,-6.56842570986638,5.08499908365739e-11,1.61968777630587e-08,"FST",1634.51651693913,1138.26011449797,10.6746482404065,10.1526145637611,"Down-regulated","Down-regulated"
"FOXB1",124.260032797899,-1.23282217127866,0.188953443030021,-6.52447582594613,6.82397545718209e-11,2.1252892451646e-08,"FOXB1",202.467012001731,86.6565431959835,7.66154305827392,6.43723678229935,"Down-regulated","Down-regulated"
"TBXT",106.798634268154,-1.68572162005207,0.260851144356323,-6.46238920749901,1.03062601017904e-10,3.07323904950196e-08,"TBXT",198.542636535405,62.4266331345281,7.63330504557114,5.96408975368027,"Down-regulated","Down-regulated"
"LEFTY1",60.5707357454467,-1.89217923120151,0.29369679202354,-6.44262818863154,1.17422112550432e-10,3.42848105707148e-08,"LEFTY1",118.994868833254,32.8586692015429,6.89475555432961,5.0382021462279,"Down-regulated","Down-regulated"
"MAGEB17",238.878298573021,-0.889609969964454,0.14608948864249,-6.08948650742083,1.13273410523261e-09,2.9398645342287e-07,"MAGEB17",345.575065751753,187.029914983655,8.43285531637905,7.547125233935,"Down-regulated","Down-regulated"
"GDF3",1593.07602270178,-0.506904110723276,0.0840053080607205,-6.03419143891332,1.59760580035356e-09,4.07099005308275e-07,"GDF3",1986.34279074858,1397.94263867837,10.9558989003975,10.4490894489577,"Down-regulated","Down-regulated"
"DKK1",99.4847447617918,-1.40724711649158,0.233414382327656,-6.0289648926438,1.65013125272622e-09,4.1297481262425e-07,"DKK1",171.056652512487,65.198790886444,7.41833040238767,6.02677330476847,"Down-regulated","Down-regulated"
"LEFTY2",165.705672490993,-1.10936618996079,0.185169770319949,-5.9910761245961,2.08457028805602e-09,5.03711251501812e-07,"LEFTY2",259.002630111311,120.557193680834,8.01682293799265,6.9135739292927,"Down-regulated","Down-regulated"
"ETS1",614.640352984091,-0.768050198968922,0.130000765679934,-5.90804365614188,3.4619428755831e-09,8.08652156688286e-07,"ETS1",848.865239793741,499.027909579265,9.72939172905044,8.96297669448678,"Down-regulated","Down-regulated"
"RNY3",2072.30822040596,-0.52699269392416,0.0897087631437376,-5.87448400196729,4.24162436566289e-09,9.58812346528474e-07,"RNY3",2604.47575337918,1807.72445391936,11.3467772909032,10.8199590734442,"Down-regulated","Down-regulated"
"CYP26A1",279.071708355763,-0.915647985690252,0.158184532717429,-5.78847988460358,7.10262523121796e-09,1.5553639471175e-06,"CYP26A1",407.278861698518,216.468131684385,8.66987312831418,7.75801083761341,"Down-regulated","Down-regulated"
"SLC7A5",648.524088985421,-0.533992521877793,0.0937303660128685,-5.69711337523722,1.21852900864772e-08,2.51142412591144e-06,"SLC7A5",817.859454825701,565.35640606528,9.67570913410682,9.1430168327985,"Down-regulated","Down-regulated"
"ABCG2",160.239972856297,-0.936958818693082,0.164608194266325,-5.6920545351293,1.25519746633375e-08,2.54950615806776e-06,"ABCG2",236.198804631125,123.760556968883,7.88385785325191,6.95140778435723,"Down-regulated","Down-regulated"
"PHLDB2",491.310008106328,-0.586091265069983,0.105197470693172,-5.57134369493945,2.52782091392666e-08,4.92047362620586e-06,"PHLDB2",633.200936320883,421.864543999051,9.30651957857972,8.72063602977037,"Down-regulated","Down-regulated"
"DUSP5",329.729198734578,-0.722683930527991,0.131069382681501,-5.51375092903363,3.51265617937578e-08,6.65268599377724e-06,"DUSP5",447.962880044794,272.11235807947,8.80723537966022,8.0880586683583,"Down-regulated","Down-regulated"
"PPP1R16B",274.08194455039,-0.74966498868735,0.137045064520462,-5.47020785688651,4.495080859345e-08,8.34359517231604e-06,"PPP1R16B",376.511479650112,224.367177000528,8.55655004240581,7.80971782720936,"Down-regulated","Down-regulated"
"GATA6",74.1477306582345,-1.6273510627562,0.297556424388262,-5.46905033592142,4.52453252298266e-08,8.34359517231604e-06,"GATA6",136.035833849689,44.7036790625071,7.08784291851303,5.4823216633612,"Down-regulated","Down-regulated"
"PHLDA1",471.838948294622,-0.648392849858492,0.119547698243744,-5.42371672047161,5.83723654020367e-08,1.02261087638693e-05,"PHLDA1",622.819356983968,397.848743949949,9.28266997329059,8.6360762340378,"Down-regulated","Down-regulated"
"LINC01090",129.582187373584,-1.01599295132809,0.18905024136056,-5.37419547320422,7.69253712887532e-08,1.28346318882366e-05,"LINC01090",196.619635613003,97.5634632538738,7.61926359480493,6.6082690659213,"Down-regulated","Down-regulated"
"PCDH10",333.814495519528,-0.722454341288726,0.13614926142487,-5.30634050987778,1.11847934507856e-07,1.70385739361696e-05,"PCDH10",453.918919765635,275.262283396475,8.82629081218404,8.10466313430833,"Down-regulated","Down-regulated"
"ZNF525",1136.61123705969,-0.552051558554139,0.104900210280028,-5.2626353853863,1.42005023093648e-07,2.14000042866395e-05,"ZNF525",1443.21682876181,984.808441208628,10.4950723511436,9.94369931759794,"Down-regulated","Down-regulated"
"PMEPA1",220.236031909741,-0.752627005721974,0.14603091891099,-5.15388803504496,2.55140314742347e-07,3.61191061728686e-05,"PMEPA1",303.007338745507,180.350378491857,8.24320892553082,7.49465864061162,"Down-regulated","Down-regulated"
"MIXL1",576.04195816713,-1.64895103413366,0.320680879747941,-5.1420310291956,2.71784215284425e-07,3.80905577721122e-05,"MIXL1",1056.1947730395,337.465550730948,10.0446601915054,8.39859642578627,"Down-regulated","Down-regulated"
"EBF2",57.7754123596242,-1.55930057509241,0.311196727269351,-5.01065865561878,5.42440561569943e-07,6.78777184857389e-05,"EBF2",104.287410660538,36.0194132091675,6.70442119927345,5.17070277343528,"Down-regulated","Down-regulated"
"SMAD7",381.151053162064,-0.632880798686977,0.12697510854103,-4.98429027514846,6.21896585541654e-07,7.57902664901416e-05,"SMAD7",500.353724872094,323.049717307048,8.96680455804617,8.33561240234922,"Down-regulated","Down-regulated"
"TUBB6",545.796139066937,-0.505776417798124,0.103863782264418,-4.86961293697655,1.11817060937631e-06,0.000121481868917899,"TUBB6",680.719514500088,479.834451350361,9.41091665850269,8.90639293433393,"Down-regulated","Down-regulated"
"HPAT5",327.552792453118,-0.690825029809813,0.14221840789689,-4.85749376628283,1.18880878927385e-06,0.000127184390699794,"HPAT5",439.951028662302,272.853674348526,8.78119913480195,8.09198366148126,"Down-regulated","Down-regulated"
"ARSL",507.945826540228,-0.52102288542496,0.107795088431496,-4.83345663523502,1.34182518690233e-06,0.000140340895480867,"ARSL",637.602328529821,444.617575545432,9.31651308784886,8.79642116839395,"Down-regulated","Down-regulated"
"GSTO1",373.23115850094,-0.552757688828705,0.114941392263914,-4.80903944124438,1.51657283954807e-06,0.000155144294498294,"GSTO1",474.899405103692,323.897035199564,8.89147813873894,8.33939145221946,"Down-regulated","Down-regulated"
"LBH",312.305948884431,-0.607761747368388,0.12747658853252,-4.76763423280144,1.86401799284457e-06,0.000186601515497976,"LBH",406.291678254317,266.813084199488,8.66637200508412,8.05968560609807,"Down-regulated","Down-regulated"
"COLEC12",317.93690041812,-0.799065330560165,0.172518866215261,-4.63175621362553,3.6257693827656e-06,0.000332125215029149,"COLEC12",444.73877938542,256.035960934469,8.79681439700023,8.0002026446026,"Down-regulated","Down-regulated"
"KLKB1",48.5191498997777,-1.34448280863475,0.295927309396378,-4.54328737478532,5.53836664323124e-06,0.000476102270121442,"KLKB1",82.5401396942343,33.0086550025493,6.36702397490918,5.04477244942223,"Down-regulated","Down-regulated"
"AMIGO2",189.302191398915,-0.753308804371337,0.16645137487951,-4.52569890105526,6.01962348892151e-06,0.000511303170892333,"AMIGO2",260.886338771281,155.010117712732,8.02727758964897,7.27621857493616,"Down-regulated","Down-regulated"
"SP5",138.814216558067,-1.08979813192684,0.241701064114924,-4.50886774502849,6.51745198658187e-06,0.000545968363463227,"SP5",215.852294182067,101.795177746068,7.7539006163128,6.66952540927658,"Down-regulated","Down-regulated"
"MYORG",136.597962518105,-0.888471779005487,0.198276508349819,-4.48097349706178,7.43033388868619e-06,0.000595063596856782,"MYORG",198.08976719993,107.352060177192,7.63001054606869,6.74620606777997,"Down-regulated","Down-regulated"
"EOGT",425.164169514772,-0.528411281571112,0.118501683944649,-4.45910356698331,8.23031478005508e-06,0.000655385577514045,"EOGT",535.431840901006,371.530333821655,9.06455912506286,8.53733619506758,"Down-regulated","Down-regulated"
"ITGA8",67.1386202465236,-1.35536097788513,0.30727312433891,-4.41093239378209,1.02926452912289e-05,0.000796969192025266,"ITGA8",114.071236219159,45.1723122602057,6.83379124261563,5.49736685858426,"Down-regulated","Down-regulated"
"SYNJ2",332.120337862282,-0.537810560190219,0.122179900003779,-4.40179244027524,1.07360237570488e-05,0.000826732818434276,"SYNJ2",420.090537507696,289.635238039574,8.71455647942094,8.17809332621611,"Down-regulated","Down-regulated"
"ZNF600",305.156509481057,-0.542278287840669,0.123525245172462,-4.39001992737239,1.13340273893265e-05,0.000863295618812013,"ZNF600",386.660587467505,265.904470487833,8.59492390696767,8.05476422231596,"Down-regulated","Down-regulated"
"NTS",83.915870650287,-1.14576887644554,0.263048071658482,-4.35573950123119,1.32618420871575e-05,0.000971908334443321,"NTS",133.264602525791,60.7415047125351,7.0581498153467,5.92461074284653,"Down-regulated","Down-regulated"
"CDA",141.187763189351,-0.826054255942684,0.190904983262197,-4.32704396620252,1.51123804778039e-05,0.00108615390972524,"CDA",200.254242193694,113.15452368718,7.64568899484057,6.8221504515391,"Down-regulated","Down-regulated"
"PCSK1",93.973604468565,-0.917921614373305,0.218210771365542,-4.20658251024475,2.59261453283882e-05,0.0016979202185858,"PCSK1",138.091645511341,73.4145839471773,7.10948222954483,6.19799478054841,"Down-regulated","Down-regulated"
"WNT3",284.275775443632,-1.45220579328483,0.345741361297226,-4.20026631420704,2.66601208307627e-05,0.00172982219186638,"WNT3",493.763710262256,181.03180803432,8.94767699760297,7.50009939681618,"Down-regulated","Down-regulated"
"BCL11A",235.72800394028,-0.660661034036349,0.157562705427026,-4.19300387262218,2.75284741976257e-05,0.00176977782513635,"BCL11A",313.301331005717,198.441340407561,8.29140708853338,7.63256879709281,"Down-regulated","Down-regulated"
"PCED1B",200.33809988623,-0.683045561858069,0.163269262925793,-4.18355267622244,2.86988552435452e-05,0.00182385371328725,"PCED1B",268.303507527207,167.855396065741,8.06772210482426,7.39107510603064,"Down-regulated","Down-regulated"
"ERBB4",242.739013930606,-0.658116602455049,0.160836737691084,-4.09183008747094,4.27982198564852e-05,0.00250969477526627,"ERBB4",322.345589494955,204.435726148431,8.33246443367018,7.67550352613493,"Down-regulated","Down-regulated"
"CCDC141",238.072338999654,-0.585539459587758,0.144093983563421,-4.06359408704973,4.83228308706247e-05,0.00273082449456373,"CCDC141",307.284922767036,204.966047115962,8.26343317120981,7.67924113504543,"Down-regulated","Down-regulated"
"HEY2",242.830920850753,-0.580144081808723,0.14641585890802,-3.96230357923983,7.42300703277088e-05,0.00397074212077419,"HEY2",312.501395418493,209.495683566883,8.28771882165776,7.71077670882677,"Down-regulated","Down-regulated"
"SERPINB9",3361.47135254111,-0.75744082874993,0.194711659874543,-3.89006405285625,0.000100217765595768,0.00496308121846181,"SERPINB9",4620.30558164905,2733.55423798713,12.1737725576347,11.4165622858073,"Down-regulated","Down-regulated"
"RNU6ATAC",303.159062310746,-0.555911177290871,0.143668915471214,-3.86939078274211,0.000109107643323502,0.00532802655463024,"RNU6ATAC",386.304307760575,263.086439585832,8.59359395523006,8.03939307854287,"Down-regulated","Down-regulated"
"LAMC3",150.192262750302,-0.71852188953717,0.18814747212408,-3.81892927619732,0.000134032179785056,0.00626651064856474,"LAMC3",204.338646958133,124.619070646386,7.67481827931779,6.96138105285311,"Down-regulated","Down-regulated"
"LOC730100",62.7656539000008,-1.04379795985366,0.276238514715837,-3.77861125168373,0.000157705394394416,0.00706147317072762,"LOC730100",96.6649889439531,47.3159863780246,6.59492155001885,5.5642557958241,"Down-regulated","Down-regulated"
"RNVU1-1",402.847493616983,-0.541552446293856,0.14518639023976,-3.73004966512039,0.000191442030400242,0.0083324846461472,"RNVU1-1",509.947231422012,350.797624714468,8.99420415665396,8.45449516895914,"Down-regulated","Down-regulated"
"FAM189A2",116.626768692112,-0.724590756272071,0.194413475672858,-3.7270603478709,0.00019372608575795,0.00840579285417234,"FAM189A2",159.120425663669,96.8799402063335,7.31397523042329,6.59812606949792,"Down-regulated","Down-regulated"
"BAMBI",185.675146904687,-0.571251943813036,0.154641838720848,-3.69403227831657,0.000220725765074613,0.00931768553470089,"BAMBI",238.459869253435,160.782785730313,7.897602683257,7.32896914187027,"Down-regulated","Down-regulated"
"LOXL1",188.145770495926,-0.578628502097866,0.158314567299517,-3.65492899338286,0.000257253168069282,0.0105421144751198,"LOXL1",242.423536982192,162.506887252793,7.92138596712932,7.34435705249977,"Down-regulated","Down-regulated"
"TBX3",72.1882950493109,-0.963289474899853,0.265292911292775,-3.6310411394173,0.000282280179463295,0.0113356925936334,"TBX3",107.897869834092,55.8335076569203,6.75352257257909,5.80305928901888,"Down-regulated","Down-regulated"
"GAD1",422.857341301407,-0.55395860292502,0.153182112208665,-3.61634002128406,0.000298797837758292,0.0117630665623103,"GAD1",538.194069673064,366.688977115579,9.07198268387383,8.51841308822215,"Down-regulated","Down-regulated"
"RNVU1-19",180.081751419025,-0.576475641772629,0.162174572656224,-3.55466108114641,0.000378466601299121,0.0141823781208748,"RNVU1-19",231.761191311483,155.742031472796,7.85649519533427,7.28301453954872,"Down-regulated","Down-regulated"
"TMEM154",98.9567270701994,-0.727129276904904,0.207766366507844,-3.49974487751102,0.000465703638890429,0.0165236367064541,"TMEM154",135.5256671481,82.172257031249,7.08242229862709,6.36057948880369,"Down-regulated","Down-regulated"
"ZNF385C",372.892163898481,-0.520408604736743,0.148807003328311,-3.49720505820934,0.000470160284307012,0.0166396373347545,"ZNF385C",468.418053825966,326.629218934738,8.8716528712143,8.35151004413645,"Down-regulated","Down-regulated"
"VAMP8",113.289276693254,-0.668579099905051,0.194630317972931,-3.43512309319679,0.00059228472904532,0.0196238072755796,"VAMP8",151.498003947085,95.6849130663392,7.2431549754557,6.58021956337893,"Down-regulated","Down-regulated"
"PDGFRA",163.541971428139,-0.564034152761415,0.167372892486437,-3.36992534682474,0.000751885505117859,0.0232619764993969,"PDGFRA",209.651709238136,141.987102523141,7.71185078194009,7.14961607745558,"Down-regulated","Down-regulated"
"FRAT2",203.410751380107,-0.582885632063803,0.174906370076799,-3.33255805267622,0.00086051515697245,0.0254970822938031,"FRAT2",262.392691468911,175.419781335705,8.03558372631457,7.4546676332574,"Down-regulated","Down-regulated"
"SNORD84",169.174985625331,-0.607227793837583,0.183979281668894,-3.30052269108435,0.000965049094136837,0.0276023735802608,"SNORD84",220.093657092891,145.215649891551,7.78197375839134,7.18205313074111,"Down-regulated","Down-regulated"
"WNT5A",328.685521651408,-0.546915920491737,0.167795906221464,-3.25941158403409,0.00111643573164242,0.0307951396861513,"WNT5A",417.440043219479,285.808260867373,8.70542518841156,8.15890380578912,"Down-regulated","Down-regulated"
"STARD8",126.48356597873,-0.618514398953128,0.190325511312796,-3.24977137687345,0.00115497820416032,0.0315477069479761,"STARD8",165.610779493235,108.419959221477,7.37165276970921,6.76048655918989,"Down-regulated","Down-regulated"
"GAP43",155.563821043192,-0.556997289495364,0.172759332270084,-3.22412272712758,0.00126359233489593,0.0336907489756934,"GAP43",198.7720369032,135.459713113188,7.6349710037242,7.08172003519958,"Down-regulated","Down-regulated"
"JDP2",123.296296988718,-0.627137174991656,0.195422574164305,-3.20913373326246,0.00133135551792781,0.0352055614787893,"JDP2",162.208644432067,105.340123267043,7.3417068955627,6.71891124259499,"Down-regulated","Down-regulated"
"LINC02617",85.2586953976089,-0.748455456788518,0.233702851049877,-3.20259446312352,0.00136195624313372,0.0357581845547896,"LINC02617",117.862800946236,70.4566426232955,6.88096464635797,6.13866382452971,"Down-regulated","Down-regulated"
"MIR100HG",244.578680977703,-0.549710356476931,0.171750888437379,-3.20062598498499,0.00137129405670801,0.0357581845547896,"MIR100HG",311.13992716368,212.798057884715,8.28141973098239,7.733341173824,"Down-regulated","Down-regulated"
"TGFB1",130.042391938396,-0.604947113212348,0.190321686557912,-3.17855061161552,0.00148013374897244,0.0378334375152544,"TGFB1",169.357120557767,111.885027628711,7.4039248354637,6.80587317862674,"Down-regulated","Down-regulated"
"FREM1",198.319140402593,-0.530722885082025,0.168926730961376,-3.14173418298949,0.00167950437993197,0.0412228614443899,"FREM1",250.640641325343,173.658389941219,7.96947655608894,7.44010830296632,"Down-regulated","Down-regulated"
"RNU5F-1",70.7577832492553,-0.793227812113594,0.252985458339646,-3.13546801195444,0.00171580139360387,0.0416182583484372,"RNU5F-1",99.5931784142373,57.8400856667643,6.63797502387764,5.85399778394895,"Down-regulated","Down-regulated"
"BMP4",165.549622651695,-0.525831947117301,0.168794286139048,-3.11522362009419,0.00183805507195348,0.0437357246747506,"BMP4",208.727965463503,145.460451245792,7.70548009613078,7.18448314670652,"Down-regulated","Down-regulated"
"IL23A",87.9184550375455,-0.678762707793726,0.220455027687511,-3.07891688800971,0.00207754631436152,0.0472675512918453,"IL23A",118.179788390735,74.2877883609509,6.88483951055432,6.21505317080548,"Down-regulated","Down-regulated"
"DUSP8",140.031786826908,-0.571454912086469,0.186100621576449,-3.0706770737556,0.00213574003219593,0.0481228240373408,"DUSP8",179.907731744636,121.593814368044,7.49111337919875,6.92592602869166,"Down-regulated","Down-regulated"
"FAM184A",185.80286388998,-0.508106266058121,0.16602247850733,-3.0604666947897,0.0022099233771879,0.049011682221475,"FAM184A",232.503829532594,163.952381068674,7.86111066858543,7.35713304381447,"Down-regulated","Down-regulated"
