"","AFF3_WT_1_1","AFF3_WT_1_2","AFF3_DN_1_1","AFF3_DN_1_2"
"RBFOX3",-1.2449670491532,1.00026182379412,0.580388095324574,-0.335682869965598
"MAP2",-0.9398968236263,-0.788841804154639,0.859175694521212,0.869562933259716
"NEFL",-0.10687688541196,-1.36380214400022,0.581761131447565,0.888917897964656
"NEFM",-0.563341176243812,-1.10854271461479,1.00354549068801,0.668338400170517
"NEFH",-0.0161054039468347,1.38192684449813,-0.963343161947767,-0.402478278603476
"MAPT",0.859480558028641,-1.44219811964009,0.367443850866057,0.215273710745392
"STMN2",-0.102105180860569,0.467057952524778,-1.3454114954259,0.980458723761807
"SYP",0.87680455291718,-0.920411025381338,-0.80979358859361,0.853400061057451
"SYN1",1.33159464217245,-0.68562482899503,0.200530042116431,-0.84649985529352
"SYN2",0.997921629922692,0.373260606544191,-1.36557588914142,-0.00560634732541532
"SNAP25",-0.660801102144028,-0.692558279030097,1.44085052431672,-0.0874911431423526
"SYT1",-1.09189549066779,-0.464446932867402,1.21460701137719,0.341735412157966
"VAMP2",0.0165256537588547,0.361593703907338,-1.37174513400308,0.993625776336991
"RAB3A",0.323382091998139,0.434014243891251,-1.47875067893346,0.721354343043864
