celltype,gene,score,pval,pval_adj,rank
Amnion,EZR,84.841125,0,0,1
Amnion,KRT8,78.69885,0,0,2
Amnion,SAT1,78.27512,0,0,3
Amnion,KRT19,77.831314,0,0,4
Amnion,GSTO1,76.52716,0,0,5
Amnion,HPGD,75.5763,0,0,6
Amnion,CDH1,74.72884,0,0,7
Amnion,EPCAM,74.63755,0,0,8
Amnion,CLDN4,73.80291,0,0,9
Amnion,TMEM54,71.92727,0,0,10
Amnion,GATA3,71.53921,0,0,11
Amnion,KRT18,70.93462,0,0,12
Amnion,BMP4,70.13027,0,0,13
Amnion,DAPK1,69.72365,0,0,14
Amnion,SMAGP,69.2047,0,0,15
Amnion,TFAP2A,68.56042,0,0,16
Amnion,PATJ,68.03469,0,0,17
Amnion,CLDN10,67.683685,0,0,18
Amnion,AHNAK,67.6729,0,0,19
Amnion,STOM,67.03179,0,0,20
Amnion,FOXP1,66.7108,0,0,21
Amnion,RARRES2,66.479126,0,0,22
Amnion,TPM1,66.01539,0,0,23
Amnion,GRHL2,65.80207,0,0,24
Amnion,SHANK2,65.60787,0,0,25
Amnion,MIR205HG,64.24528,0,0,26
Amnion,HAPLN1,63.755955,0,0,27
Amnion,PLCE1,63.222675,0,0,28
Amnion,BAMBI,62.060116,0,0,29
Amnion,NAV2,61.371613,0,0,30
Amnion,DSP,61.32785,0,0,31
Amnion,UTRN,60.84851,0,0,32
Amnion,ISL1,60.688457,0,0,33
Amnion,ARHGAP18,59.960144,0,0,34
Amnion,PKP2,59.73933,0,0,35
Amnion,SLC7A3,59.685734,0,0,36
Amnion,FTL,59.374104,0,0,37
Amnion,DSC2,58.773617,0,0,38
Amnion,HMGA2,58.333447,0,0,39
Amnion,FMR1,58.000565,0,0,40
Amnion,ATP6V0D2,57.79667,0,0,41
Amnion,ERRFI1,57.48441,0,0,42
Amnion,TDRP,57.384483,0,0,43
Amnion,ID2,57.212563,0,0,44
Amnion,ERBB3,57.18406,0,0,45
Amnion,AMER2,56.59792,0,0,46
Amnion,CLDN7,56.29882,0,0,47
Amnion,SLC7A2,55.29161,0,0,48
Amnion,CD55,54.215607,0,0,49
Amnion,YTHDC1,54.09764,0,0,50
Blood Progenitors,LYL1,47.96869,0,0,1
Blood Progenitors,IFITM2,47.571407,0,0,2
Blood Progenitors,ARHGDIB,47.045296,0,0,3
Blood Progenitors,EMP3,45.521996,0,0,4
Blood Progenitors,TAGLN2,45.173206,0,0,5
Blood Progenitors,GYPC,44.670464,0,0,6
Blood Progenitors,MYL4,44.513256,0,0,7
Blood Progenitors,USP15,44.51165,0,0,8
Blood Progenitors,RUNX1,44.181015,0,0,9
Blood Progenitors,GYPB,43.75318,0,0,10
Blood Progenitors,GATA1,43.724422,0,0,11
Blood Progenitors,B2M,43.49543,0,0,12
Blood Progenitors,S100A6,43.301437,0,0,13
Blood Progenitors,ANP32B,43.22822,0,0,14
Blood Progenitors,TESC,43.066914,0,0,15
Blood Progenitors,S100A4,42.81024,0,0,16
Blood Progenitors,RGS10,42.464523,0,0,17
Blood Progenitors,NFE2,41.747646,0,0,18
Blood Progenitors,CCND3,41.631073,0,0,19
Blood Progenitors,CLIC1,41.018417,0,0,20
Blood Progenitors,BMP2K,40.80345,0,0,21
Blood Progenitors,GMFG,40.63616,0,0,22
Blood Progenitors,MIR4435-2HG,40.566372,0,0,23
Blood Progenitors,SPN,40.38233,0,0,24
Blood Progenitors,GYPE,40.21996,0,0,25
Blood Progenitors,LMO2,40.218338,0,0,26
Blood Progenitors,TLN1,40.184254,0,0,27
Blood Progenitors,CYTOR,39.577633,0,0,28
Blood Progenitors,CHCHD2,39.555336,0,0,29
Blood Progenitors,TIMP3,39.356346,0,0,30
Blood Progenitors,CST3,39.25731,0,0,31
Blood Progenitors,GPX1,39.171604,0,0,32
Blood Progenitors,HBG2,38.624245,0,0,33
Blood Progenitors,LAPTM5,38.58128,0,0,34
Blood Progenitors,DUT,38.393623,0,0,35
Blood Progenitors,RHAG,38.36229,0,0,36
Blood Progenitors,MBNL1,38.13923,0,0,37
Blood Progenitors,UROD,38.133728,0,0,38
Blood Progenitors,TIMP1,37.983284,0,0,39
Blood Progenitors,HBG1,37.972652,0,0,40
Blood Progenitors,RAC2,37.84204,0,0,41
Blood Progenitors,PFN1,37.803024,0,0,42
Blood Progenitors,GMPR,37.543556,0.00E+00,5.27E-306,43
Blood Progenitors,ELF1,37.54295,0.00E+00,5.33E-306,44
Blood Progenitors,FERMT3,37.483555,1.71E-307,4.85E-305,45
Blood Progenitors,HBE1,37.24871,1.11E-303,3.03E-301,46
Blood Progenitors,PRKAR2B,37.10842,2.06E-301,5.53E-299,47
Blood Progenitors,PSTPIP2,36.97436,2.96E-299,7.72E-297,48
Blood Progenitors,ZFPM2,36.867043,1.56E-297,4.03E-295,49
Blood Progenitors,KLF1,36.577965,6.41E-293,1.55E-290,50
Cardiac Mesoderm,S100A11,64.93399,0,0,1
Cardiac Mesoderm,RHOBTB3,61.246956,0,0,2
Cardiac Mesoderm,HAS2,60.859264,0,0,3
Cardiac Mesoderm,FSCN1,60.847282,0,0,4
Cardiac Mesoderm,HAND1,60.206566,0,0,5
Cardiac Mesoderm,B2M,58.87454,0,0,6
Cardiac Mesoderm,SPARC,58.66379,0,0,7
Cardiac Mesoderm,BAMBI,57.894432,0,0,8
Cardiac Mesoderm,NTS,57.738327,0,0,9
Cardiac Mesoderm,COL5A2,57.373173,0,0,10
Cardiac Mesoderm,GYPC,57.128513,0,0,11
Cardiac Mesoderm,FN1,56.78307,0,0,12
Cardiac Mesoderm,S100A10,56.123047,0,0,13
Cardiac Mesoderm,BMPER,54.92467,0,0,14
Cardiac Mesoderm,PPIB,54.323017,0,0,15
Cardiac Mesoderm,HAPLN1,54.26838,0,0,16
Cardiac Mesoderm,SERPINE2,52.239464,0,0,17
Cardiac Mesoderm,COL1A2,51.69355,0,0,18
Cardiac Mesoderm,PDGFRA,51.584244,0,0,19
Cardiac Mesoderm,ANXA6,51.281414,0,0,20
Cardiac Mesoderm,TMSB10,50.148407,0,0,21
Cardiac Mesoderm,ENSG00000283674,50.13637,0,0,22
Cardiac Mesoderm,GATA6,49.921207,0,0,23
Cardiac Mesoderm,IL6ST,49.84869,0,0,24
Cardiac Mesoderm,FAM89A,49.819427,0,0,25
Cardiac Mesoderm,ALDH2,49.68799,0,0,26
Cardiac Mesoderm,BMP4,49.453197,0,0,27
Cardiac Mesoderm,TIMP1,49.333687,0,0,28
Cardiac Mesoderm,SIPA1L2,48.776226,0,0,29
Cardiac Mesoderm,DOK4,48.681465,0,0,30
Cardiac Mesoderm,EPB41L2,47.669308,0,0,31
Cardiac Mesoderm,IFI16,47.249493,0,0,32
Cardiac Mesoderm,GSTO1,47.240704,0,0,33
Cardiac Mesoderm,SERPINH1,47.05764,0,0,34
Cardiac Mesoderm,TCEAL9,46.775585,0,0,35
Cardiac Mesoderm,WLS,46.758614,0,0,36
Cardiac Mesoderm,IFITM3,46.645596,0,0,37
Cardiac Mesoderm,ITGB1,46.44472,0,0,38
Cardiac Mesoderm,PPFIBP1,46.394436,0,0,39
Cardiac Mesoderm,LRFN5,46.29622,0,0,40
Cardiac Mesoderm,CDH11,46.18192,0,0,41
Cardiac Mesoderm,MMP2,45.78331,0,0,42
Cardiac Mesoderm,UNC5C,45.54399,0,0,43
Cardiac Mesoderm,H19,44.95917,0,0,44
Cardiac Mesoderm,FREM1,44.815727,0,0,45
Cardiac Mesoderm,LIFR,44.475414,0,0,46
Cardiac Mesoderm,CKAP4,44.459793,0,0,47
Cardiac Mesoderm,HSP90B1,44.168995,0,0,48
Cardiac Mesoderm,DNAJC15,43.935753,0,0,49
Cardiac Mesoderm,RHOC,43.86746,0,0,50
YSE,S100A10,21.411766,1.04E-101,2.68E-97,1
YSE,FN1,20.279148,1.97E-91,2.54E-87,2
YSE,S100A11,19.846806,1.17E-87,1.01E-83,3
YSE,SERPINE2,19.124428,1.58E-81,1.02E-77,4
YSE,PPIB,18.532993,1.12E-76,4.82E-73,5
YSE,FSCN1,18.352367,3.16E-75,1.17E-71,6
YSE,RHOBTB3,18.318588,5.88E-75,1.90E-71,7
YSE,SPARC,17.841867,3.34E-71,8.64E-68,8
YSE,HAS2,17.720749,2.90E-70,6.82E-67,9
YSE,CD99,17.67897,6.09E-70,1.31E-66,10
YSE,BAMBI,17.006023,7.41E-65,1.28E-61,11
YSE,TMEM141,16.749485,5.71E-63,8.20E-60,12
YSE,MGST2,16.379906,2.66E-60,3.62E-57,13
YSE,TMSB10,16.17615,7.43E-59,9.60E-56,14
YSE,RGS5,16.096796,2.69E-58,3.16E-55,15
YSE,COL4A1,15.967722,2.14E-57,2.40E-54,16
YSE,APOC1,15.965265,2.23E-57,2.40E-54,17
YSE,SERPINH1,15.637108,4.07E-55,4.04E-52,18
YSE,ANXA6,15.631669,4.43E-55,4.24E-52,19
YSE,CALD1,15.585893,9.08E-55,8.09E-52,20
YSE,ALDH2,15.578809,1.01E-54,8.74E-52,21
YSE,APOA1,15.327852,4.98E-53,4.15E-50,22
YSE,HSP90B1,15.247698,1.71E-52,1.30E-49,23
YSE,RRBP1,15.106837,1.46E-51,1.08E-48,24
YSE,TBX3,15.102478,1.56E-51,1.09E-48,25
YSE,ANXA2,15.102174,1.57E-51,1.09E-48,26
YSE,CST3,14.998513,7.51E-51,5.11E-48,27
YSE,IL6ST,14.658638,1.19E-48,7.30E-46,28
YSE,COL4A2,14.631522,1.77E-48,1.06E-45,29
YSE,IFI16,14.630267,1.80E-48,1.06E-45,30
YSE,LIFR,14.606265,2.56E-48,1.47E-45,31
YSE,CAMK2D,14.511102,1.03E-47,5.44E-45,32
YSE,CD63,14.50034,1.21E-47,6.11E-45,33
YSE,LPGAT1,14.389372,6.03E-47,2.94E-44,34
YSE,FAM114A1,14.3258,1.51E-46,7.10E-44,35
YSE,ARSL,14.27004,3.36E-46,1.55E-43,36
YSE,NTS,14.259704,3.90E-46,1.77E-43,37
YSE,TTC3,14.240322,5.15E-46,2.29E-43,38
YSE,KRT8,14.184325,1.15E-45,4.85E-43,39
YSE,GATA6,14.177379,1.26E-45,5.27E-43,40
YSE,FGD6,14.149944,1.87E-45,7.67E-43,41
YSE,KRT19,13.781355,3.30E-43,1.20E-40,42
YSE,GSTO1,13.657811,1.81E-42,6.51E-40,43
YSE,TMED9,13.5962925,4.21E-42,1.49E-39,44
YSE,FNDC3B,13.578391,5.38E-42,1.88E-39,45
YSE,DNAJC15,13.541906,8.85E-42,3.01E-39,46
YSE,PCDH7,13.512104,1.33E-41,4.40E-39,47
YSE,BEX1,13.509941,1.37E-41,4.47E-39,48
YSE,MACROH2A1,13.476684,2.15E-41,6.93E-39,49
YSE,RHOC,13.385656,7.33E-41,2.28E-38,50
Neural Progenitors,DLK1,165.05115,0,0,1
Neural Progenitors,SIX3,161.87318,0,0,2
Neural Progenitors,GPC3,157.4454,0,0,3
Neural Progenitors,TUBA1A,151.68689,0,0,4
Neural Progenitors,ENSG00000228999,151.23212,0,0,5
Neural Progenitors,MAPK10,148.50334,0,0,6
Neural Progenitors,DACH1,148.18015,0,0,7
Neural Progenitors,PAMR1,146.71259,0,0,8
Neural Progenitors,SOX5,145.17223,0,0,9
Neural Progenitors,GREB1L,144.66063,0,0,10
Neural Progenitors,ADGRL3,143.95518,0,0,11
Neural Progenitors,RAX,142.54393,0,0,12
Neural Progenitors,EFNA5,141.26303,0,0,13
Neural Progenitors,NRG1,140.61826,0,0,14
Neural Progenitors,CSRP2,139.61624,0,0,15
Neural Progenitors,CDH2,139.24594,0,0,16
Neural Progenitors,CTNNA2,138.37578,0,0,17
Neural Progenitors,MAP2,137.92319,0,0,18
Neural Progenitors,TPBG,137.2879,0,0,19
Neural Progenitors,FRZB,137.0027,0,0,20
Neural Progenitors,SHROOM3,136.82948,0,0,21
Neural Progenitors,FBN2,134.68132,0,0,22
Neural Progenitors,EPHA4,133.49829,0,0,23
Neural Progenitors,TRPM3,133.1936,0,0,24
Neural Progenitors,SYT1,132.84183,0,0,25
Neural Progenitors,LIX1,132.06221,0,0,26
Neural Progenitors,LHX2,131.6272,0,0,27
Neural Progenitors,LMAN1,130.57886,0,0,28
Neural Progenitors,FEZF1,130.36156,0,0,29
Neural Progenitors,FZD3,129.6988,0,0,30
Neural Progenitors,TMSB15A,129.67032,0,0,31
Neural Progenitors,SSBP2,128.55534,0,0,32
Neural Progenitors,FZD2,128.24466,0,0,33
Neural Progenitors,NAV3,127.8275,0,0,34
Neural Progenitors,MIR325HG,127.43316,0,0,35
Neural Progenitors,LSAMP,126.084404,0,0,36
Neural Progenitors,ZFHX4,125.37019,0,0,37
Neural Progenitors,CNTNAP2,123.56203,0,0,38
Neural Progenitors,NLGN1,123.12683,0,0,39
Neural Progenitors,PRTG,122.12577,0,0,40
Neural Progenitors,CDH6,121.984566,0,0,41
Neural Progenitors,RPL6,120.88734,0,0,42
Neural Progenitors,FHOD3,120.45274,0,0,43
Neural Progenitors,RMST,120.3539,0,0,44
Neural Progenitors,GPC6,120.01534,0,0,45
Neural Progenitors,FEZF1-AS1,118.73633,0,0,46
Neural Progenitors,SFRP1,118.133255,0,0,47
Neural Progenitors,NNAT,118.00759,0,0,48
Neural Progenitors,CDK14,117.74496,0,0,49
Neural Progenitors,ST6GALNAC5,117.59512,0,0,50
Neurons,JAKMIP2-AS1,96.01532,0,0,1
Neurons,CYP26A1,87.06784,0,0,2
Neurons,XACT,86.25144,0,0,3
Neurons,DLGAP1,85.720566,0,0,4
Neurons,DPYSL3,83.58951,0,0,5
Neurons,ZIC2,83.485916,0,0,6
Neurons,ACOXL,81.88323,0,0,7
Neurons,CLU,80.68523,0,0,8
Neurons,SFRP1,78.4695,0,0,9
Neurons,FERMT2,77.59431,0,0,10
Neurons,RBFOX1,77.464325,0,0,11
Neurons,ROR1,76.69252,0,0,12
Neurons,ENSG00000251567,76.53024,0,0,13
Neurons,FEZ1,71.00174,0,0,14
Neurons,POU3F1,70.3156,0,0,15
Neurons,AASS,69.94257,0,0,16
Neurons,FGFR1,69.259544,0,0,17
Neurons,PSIP1,68.73022,0,0,18
Neurons,CADM2,67.42754,0,0,19
Neurons,PKDCC,66.29891,0,0,20
Neurons,LHX5-AS1,65.23827,0,0,21
Neurons,FZD7,65.13355,0,0,22
Neurons,OTX2,64.49564,0,0,23
Neurons,AP1S2,63.88452,0,0,24
Neurons,ITGA6,63.560818,0,0,25
Neurons,NEBL,63.209713,0,0,26
Neurons,GALNT17,62.24856,0,0,27
Neurons,CTSC,62.043865,0,0,28
Neurons,FGD4,61.08683,0,0,29
Neurons,TNNT1,61.003746,0,0,30
Neurons,FGFBP3,60.57778,0,0,31
Neurons,LRIG1,59.247654,0,0,32
Neurons,MFGE8,58.104927,0,0,33
Neurons,NR6A1,57.843384,0,0,34
Neurons,LMO1,56.97573,0,0,35
Neurons,SNHG14,56.906532,0,0,36
Neurons,SNRPN,55.419903,0,0,37
Neurons,TRIM24,54.86147,0,0,38
Neurons,ZMYND8,54.76222,0,0,39
Neurons,ENSG00000289308,54.145016,0,0,40
Neurons,IRX2,54.048252,0,0,41
Neurons,SHISA2,53.990074,0,0,42
Neurons,PTMS,53.087914,0,0,43
Neurons,SLC25A21,53.05993,0,0,44
Neurons,MIR302CHG,52.64632,0,0,45
Neurons,NRP2,52.621563,0,0,46
Neurons,USP44,51.878883,0,0,47
Neurons,NNAT,51.66818,0,0,48
Neurons,CRABP1,51.43328,0,0,49
Neurons,ADGRV1,51.38543,0,0,50
PGC,GMPR,26.376598,2.54E-153,4.78E-149,1
PGC,COL23A1,26.362438,3.70E-153,4.78E-149,2
PGC,CERT1,25.620623,8.99E-145,7.75E-141,3
PGC,PCSK1N,25.454191,6.34E-143,4.10E-139,4
PGC,PLPP1,25.408947,2.01E-142,1.04E-138,5
PGC,POU5F1,25.277143,5.70E-141,2.46E-137,6
PGC,TRPC5,24.635015,5.33E-134,1.97E-130,7
PGC,PDPN,24.589357,1.64E-133,5.31E-130,8
PGC,GABRA3,24.578314,2.15E-133,6.19E-130,9
PGC,FRMD6,24.465405,3.45E-132,8.92E-129,10
PGC,EPB41L2,24.401295,1.66E-131,3.89E-128,11
PGC,APBB2,23.74378,1.27E-124,2.53E-121,12
PGC,SLC25A16,23.376858,7.35E-121,1.27E-117,13
PGC,LINC00937,23.293234,5.19E-120,8.39E-117,14
PGC,CACNA2D2,23.238924,1.84E-119,2.80E-116,15
PGC,IFI16,23.22763,2.39E-119,3.10E-116,16
PGC,AKAP12,23.193518,5.29E-119,6.38E-116,17
PGC,PHLDA3,23.192427,5.43E-119,6.38E-116,18
PGC,ASRGL1,23.139046,1.87E-118,2.11E-115,19
PGC,GPX2,22.99953,4.71E-117,5.08E-114,20
PGC,PRDM1,22.894339,5.29E-116,5.47E-113,21
PGC,PCAT14,22.814201,3.31E-115,3.17E-112,22
PGC,MKRN1,22.788588,5.95E-115,5.49E-112,23
PGC,NANOG,22.49297,4.86E-112,4.34E-109,24
PGC,SLC16A10,22.449177,1.30E-111,1.12E-108,25
PGC,DMD,22.437683,1.69E-111,1.41E-108,26
PGC,WASL,22.319221,2.40E-110,1.94E-107,27
PGC,NANOS3,22.021738,1.78E-107,1.40E-104,28
PGC,S100A10,21.81546,1.65E-105,1.22E-102,29
PGC,LAMA4,21.671135,3.84E-104,2.68E-101,30
PGC,TOMM7,21.462135,3.52E-102,2.33E-99,31
PGC,ZBTB44,21.412645,1.02E-101,6.58E-99,32
PGC,RTL4,21.333778,5.52E-101,3.48E-98,33
PGC,CD81,21.168514,1.86E-99,1.09E-96,34
PGC,SOCS4,21.161295,2.17E-99,1.22E-96,35
PGC,NRK,21.15546,2.46E-99,1.35E-96,36
PGC,TNRC6C,21.043243,2.64E-98,1.42E-95,37
PGC,RNF214,20.93013,2.85E-97,1.47E-94,38
PGC,NFE2L3,20.92015,3.51E-97,1.78E-94,39
PGC,IL6ST,20.867682,1.05E-96,5.24E-94,40
PGC,SLC4A8,20.818434,2.95E-96,1.41E-93,41
PGC,CEBPZ,20.792667,5.04E-96,2.37E-93,42
PGC,SMAGP,20.74324,1.41E-95,6.51E-93,43
PGC,PLBD1,20.65148,9.47E-95,4.22E-92,44
PGC,TXNDC12,20.601883,2.64E-94,1.14E-91,45
PGC,SEC63,20.405003,1.51E-92,6.00E-90,46
PGC,SUGCT,20.344471,5.20E-92,2.04E-89,47
PGC,TMEM132D,20.212051,7.67E-91,2.96E-88,48
PGC,LINGO2,20.144379,3.01E-90,1.13E-87,49
PGC,ARHGAP42,20.052692,1.91E-89,6.96E-87,50
PSC/Epi,L1TD1,153.98935,0,0,1
PSC/Epi,TERF1,153.50522,0,0,2
PSC/Epi,TDGF1,152.95457,0,0,3
PSC/Epi,POU5F1,151.88365,0,0,4
PSC/Epi,ENSG00000289479,150.35872,0,0,5
PSC/Epi,ENSG00000288895,149.28227,0,0,6
PSC/Epi,GRID2,147.69276,0,0,7
PSC/Epi,JARID2,147.50307,0,0,8
PSC/Epi,ENSG00000288749,145.85178,0,0,9
PSC/Epi,PLAAT3,145.56946,0,0,10
PSC/Epi,ENSG00000254277,143.59651,0,0,11
PSC/Epi,CD24,143.11253,0,0,12
PSC/Epi,DNMT3B,141.14746,0,0,13
PSC/Epi,ENSG00000274090,140.0301,0,0,14
PSC/Epi,PMAIP1,139.63206,0,0,15
PSC/Epi,PTMA,138.35042,0,0,16
PSC/Epi,ENSG00000234261,137.30562,0,0,17
PSC/Epi,ENSG00000289894,136.78523,0,0,18
PSC/Epi,PODXL,136.51866,0,0,19
PSC/Epi,PRDX1,134.75116,0,0,20
PSC/Epi,NMRK2,134.73747,0,0,21
PSC/Epi,TCEA1,133.97362,0,0,22
PSC/Epi,LNCPRESS1,133.24945,0,0,23
PSC/Epi,SEPHS1,131.94508,0,0,24
PSC/Epi,ESRG,131.71808,0,0,25
PSC/Epi,CD9,131.07347,0,0,26
PSC/Epi,IFITM1,131.01833,0,0,27
PSC/Epi,GSTP1,130.58221,0,0,28
PSC/Epi,UGP2,130.31409,0,0,29
PSC/Epi,DPPA4,130.29163,0,0,30
PSC/Epi,USP28,129.05739,0,0,31
PSC/Epi,ENSG00000243004,128.28604,0,0,32
PSC/Epi,GABRB3,127.75722,0,0,33
PSC/Epi,ENSG00000284294,124.51592,0,0,34
PSC/Epi,PHC1,122.66748,0,0,35
PSC/Epi,ENSG00000291111,121.75926,0,0,36
PSC/Epi,TPI1,121.28731,0,0,37
PSC/Epi,DNAJB6,119.602516,0,0,38
PSC/Epi,HSPD1,119.480316,0,0,39
PSC/Epi,LINC00678,119.32473,0,0,40
PSC/Epi,ENSG00000248605,118.77641,0,0,41
PSC/Epi,TKT,118.76179,0,0,42
PSC/Epi,ZNF398,117.60946,0,0,43
PSC/Epi,PIM2,117.37079,0,0,44
PSC/Epi,EMSLR,116.41081,0,0,45
PSC/Epi,ATP5PD,116.40807,0,0,46
PSC/Epi,LINC00698,116.36066,0,0,47
PSC/Epi,TARS1,116.01364,0,0,48
PSC/Epi,MAD2L2,115.75799,0,0,49
PSC/Epi,HSPE1,115.109604,0,0,50
TE,S100A11,79.15736,0,0,1
TE,TPM1,79.07167,0,0,2
TE,EPAS1,77.97271,0,0,3
TE,ANXA2,77.58393,0,0,4
TE,GABRP,76.75781,0,0,5
TE,DSP,76.05196,0,0,6
TE,KRT8,75.38369,0,0,7
TE,KRT19,75.315285,0,0,8
TE,TMSB10,74.714355,0,0,9
TE,IGFBP7,73.333115,0,0,10
TE,CD99,73.10533,0,0,11
TE,MPZL1,72.71249,0,0,12
TE,TBCA,71.214134,0,0,13
TE,IGFBP3,71.09384,0,0,14
TE,ANXA3,70.83692,0,0,15
TE,RAB31,70.79167,0,0,16
TE,SLC38A1,70.49564,0,0,17
TE,AMOT,70.39834,0,0,18
TE,KIAA1217,70.33599,0,0,19
TE,ANKS1A,70.303505,0,0,20
TE,ARHGAP29,69.851326,0,0,21
TE,S100A10,69.824905,0,0,22
TE,KRT18,69.688385,0,0,23
TE,EPB41L3,69.23477,0,0,24
TE,ATP2B1,69.12033,0,0,25
TE,SESN3,68.885735,0,0,26
TE,AHNAK,68.823425,0,0,27
TE,GLB1,68.67524,0,0,28
TE,CCBE1,68.651924,0,0,29
TE,CALD1,68.62185,0,0,30
TE,PKP2,67.9024,0,0,31
TE,LCP1,67.71125,0,0,32
TE,MYL12B,66.73395,0,0,33
TE,LINC01924,66.53198,0,0,34
TE,HAND1,65.994705,0,0,35
TE,PTN,65.680374,0,0,36
TE,TANC2,65.6762,0,0,37
TE,P2RY6,65.65059,0,0,38
TE,WLS,65.463005,0,0,39
TE,SDK1,64.91332,0,0,40
TE,CHN2,64.75561,0,0,41
TE,SH3KBP1,64.63223,0,0,42
TE,MID1,64.566956,0,0,43
TE,RHOU,64.45686,0,0,44
TE,LGALS3,64.06022,0,0,45
TE,GATA3,63.72116,0,0,46
TE,SUCO,63.234596,0,0,47
TE,HAPLN1,63.134903,0,0,48
TE,CTHRC1,62.51287,0,0,49
TE,MEIS1,62.48639,0,0,50
VEC,FLT1,36.0311,2.73E-284,7.05E-280,1
VEC,KDR,35.9729,2.22E-283,2.87E-279,2
VEC,TFPI,35.80674,8.68E-281,7.48E-277,3
VEC,GNG11,35.74411,8.17E-280,5.28E-276,4
VEC,EGFL7,35.57682,3.20E-277,1.65E-273,5
VEC,IGFBP4,34.708984,5.77E-264,2.48E-260,6
VEC,VAMP5,34.547626,1.55E-261,5.71E-258,7
VEC,IFI16,34.397015,2.79E-259,9.03E-256,8
VEC,IFITM2,34.298157,8.36E-258,2.40E-254,9
VEC,CALCRL,33.99718,2.45E-253,6.34E-250,10
VEC,FLI1,33.81278,1.28E-250,3.01E-247,11
VEC,VIM,33.764614,6.53E-250,1.41E-246,12
VEC,HLA-E,33.305874,3.17E-243,6.31E-240,13
VEC,SPTBN1,33.091774,3.90E-240,7.21E-237,14
VEC,PECAM1,32.735207,4.93E-235,8.29E-232,15
VEC,HAPLN1,32.733982,5.13E-235,8.29E-232,16
VEC,CLIC1,32.568657,1.14E-232,1.73E-229,17
VEC,NRP1,32.477474,2.22E-231,3.19E-228,18
VEC,PLK2,32.361248,9.64E-230,1.31E-226,19
VEC,ERG,32.04303,2.75E-225,3.55E-222,20
VEC,PLVAP,31.886198,4.15E-223,5.11E-220,21
VEC,ECSCR,31.87756,5.47E-223,6.42E-220,22
VEC,IFITM3,31.818895,3.55E-222,3.99E-219,23
VEC,CD99,31.780396,1.21E-221,1.30E-218,24
VEC,TMSB10,31.54254,2.27E-218,2.26E-215,25
VEC,B2M,31.426239,8.87E-217,8.49E-214,26
VEC,ARHGDIB,31.316717,2.76E-215,2.55E-212,27
VEC,VAV3,31.278809,9.06E-215,8.08E-212,28
VEC,ITM2B,30.787985,3.80E-208,3.27E-205,29
VEC,TIMP1,30.56156,3.97E-205,3.31E-202,30
VEC,ADGRL4,30.510645,1.88E-204,1.52E-201,31
VEC,PPFIBP1,30.497368,2.82E-204,2.21E-201,32
VEC,RNASE1,30.42882,2.28E-203,1.74E-200,33
VEC,LDB2,30.39449,6.50E-203,4.71E-200,34
VEC,RAP1B,30.394144,6.56E-203,4.71E-200,35
VEC,MEF2C,30.240723,6.91E-201,4.83E-198,36
VEC,TIMP3,30.231415,9.16E-201,6.23E-198,37
VEC,JAK1,30.178621,4.52E-200,3.00E-197,38
VEC,S100A10,30.141775,1.37E-199,8.89E-197,39
VEC,CDH5,30.066761,1.32E-198,8.31E-196,40
VEC,GYPC,30.050259,2.17E-198,1.33E-195,41
VEC,RASGRP3,30.046446,2.43E-198,1.46E-195,42
VEC,ARPC1B,29.964928,2.81E-197,1.65E-194,43
VEC,ETS1,29.963217,2.96E-197,1.70E-194,44
VEC,ANXA2,29.817924,2.29E-195,1.26E-192,45
VEC,GPX1,29.798779,4.05E-195,2.18E-192,46
VEC,S100A11,29.449842,1.26E-190,6.41E-188,47
VEC,DYSF,29.315693,6.54E-189,3.19E-186,48
VEC,ELK3,29.151674,7.96E-187,3.74E-184,49
VEC,ITGB1,29.029371,2.80E-185,1.25E-182,50
