Experiment,Gene,Group,Sample_ID,Replicate,Source_file,Raw_count,DESeq2_size_factor,DESeq2_normalized_count,Log2_normalized_count_plus_1
Drug rescue,NAV1,WT,Drug_WT_1,1,WT_1_mm_counts_revised.txt,3971,1.083311975,3665.610732,11.84023139
Drug rescue,NAV1,WT,Drug_WT_2,2,WT_2_mm_counts_revised.txt,4125,1.097989505,3756.86651,11.8756981
Drug rescue,NAV1,WT+X1,Drug_WT+X1_1,1,WT+X1_1_mm_counts_revised.txt,3538,0.984059351,3595.311599,11.81230231
Drug rescue,NAV1,WT+X1,Drug_WT+X1_2,2,WT+X1_2_mm_counts_revised.txt,4262,1.213714331,3511.534709,11.77829677
Drug rescue,NAV1,KO,Drug_KO_1,1,KO_1_mm_counts_revised.txt,2742,1.076442359,2547.279913,11.31530804
Drug rescue,NAV1,KO,Drug_KO_2,2,KO_2_mm_counts_revised.txt,1941,0.803653776,2415.219162,11.2385356
Drug rescue,NAV1,KO+X1,Drug_KO+X1_1,1,KOX1_1_mm_counts_revised.txt,3418,0.931654012,3668.743927,11.84146368
Drug rescue,NAV1,KO+X1,Drug_KO+X1_2,2,KOX1_2_mm_counts_revised.txt,3426,0.919449603,3726.142238,11.86385416
Drug rescue,EPHB1,WT,Drug_WT_1,1,WT_1_mm_counts_revised.txt,403,1.083311975,372.0073344,8.543060188
Drug rescue,EPHB1,WT,Drug_WT_2,2,WT_2_mm_counts_revised.txt,409,1.097989505,372.4990067,8.544960596
Drug rescue,EPHB1,WT+X1,Drug_WT+X1_1,1,WT+X1_1_mm_counts_revised.txt,401,0.984059351,407.4957465,8.674177246
Drug rescue,EPHB1,WT+X1,Drug_WT+X1_2,2,WT+X1_2_mm_counts_revised.txt,420,1.213714331,346.0451848,8.438979702
Drug rescue,EPHB1,KO,Drug_KO_1,1,KO_1_mm_counts_revised.txt,138,1.076442359,128.2000832,7.013463189
Drug rescue,EPHB1,KO,Drug_KO_2,2,KO_2_mm_counts_revised.txt,75,0.803653776,93.32376977,6.559549473
Drug rescue,EPHB1,KO+X1,Drug_KO+X1_1,1,KOX1_1_mm_counts_revised.txt,450,0.931654012,483.0119272,8.918898789
Drug rescue,EPHB1,KO+X1,Drug_KO+X1_2,2,KOX1_2_mm_counts_revised.txt,390,0.919449603,424.1668047,8.731885151
Genetic rescue,NAV1,WT,Genetic_WT_1,1,AFF3_F_WT_1_mm_counts_revised.txt,4768,1.125939015,4234.687615,12.04838048
Genetic rescue,NAV1,WT,Genetic_WT_2,2,AFF3_F_WT_2_mm_counts_revised.txt,4279,0.992153145,4312.84225,12.07475771
Genetic rescue,NAV1,KO,Genetic_KO_1,1,AFF3_F_KO_1_mm_counts_revised.txt,1433,0.994056973,1441.567273,10.49442288
Genetic rescue,NAV1,KO,Genetic_KO_2,2,AFF3_F_KO_2_mm_counts_revised.txt,1394,0.941617887,1480.430671,10.5327754
Genetic rescue,NAV1,DKO,Genetic_DKO_1,1,AFF3_F_KO_Xt_KO_A3_1_mm_counts_revised.txt,3066,1.007127675,3044.301209,11.57236922
Genetic rescue,NAV1,DKO,Genetic_DKO_2,2,AFF3_F_KO_Xt_KO_A3_2_mm_counts_revised.txt,2966,0.989826245,2996.48551,11.54953706
Genetic rescue,EPHB1,WT,Genetic_WT_1,1,AFF3_F_WT_1_mm_counts_revised.txt,315,1.125939015,279.7664846,8.13322692
Genetic rescue,EPHB1,WT,Genetic_WT_2,2,AFF3_F_WT_2_mm_counts_revised.txt,255,0.992153145,257.0167735,8.011321047
Genetic rescue,EPHB1,KO,Genetic_KO_1,1,AFF3_F_KO_1_mm_counts_revised.txt,158,0.994056973,158.9446121,7.321428584
Genetic rescue,EPHB1,KO,Genetic_KO_2,2,AFF3_F_KO_2_mm_counts_revised.txt,132,0.941617887,140.1842529,7.141435376
Genetic rescue,EPHB1,DKO,Genetic_DKO_1,1,AFF3_F_KO_Xt_KO_A3_1_mm_counts_revised.txt,641,1.007127675,636.4634948,9.316198916
Genetic rescue,EPHB1,DKO,Genetic_DKO_2,2,AFF3_F_KO_Xt_KO_A3_2_mm_counts_revised.txt,652,0.989826245,658.7014675,9.365669504