"Gene","WT 1","WT 2","KO 1","KO 2","KO+X1 1","KO+X1 2"
"SORCS2",1.13664781223967,1.0979928425385,-1.10733662144706,-1.12531092748697,0.0694392537041749,-0.0714323595483124
"PAX7",0.776785747802622,0.691937025077786,-1.1839574207938,-1.38031112606133,0.474619606408398,0.620926167566298
"TTYH2",1.24274876967799,0.955900644361631,-1.16954143664555,-1.07865402435589,0.0928919338434879,-0.0433458868816489
"RBFOX1",0.86416990291281,0.929239709629472,-1.20161218795154,-1.19612019854618,0.709926977595052,-0.105604203639451
"EPHB1",0.444713108148435,0.445684117410556,-1.09617007987047,-1.42656320090833,0.947819100819757,0.684516954400043
"CDON",1.16257404565876,1.24400484443246,-1.04076356592619,-0.968985290616363,-0.19565784106557,-0.201172192483101
"RNF165",0.947439232832855,0.885670688372776,-1.24224035893057,-1.24377935699104,0.412048511592161,0.240861283123857
"NAV1",0.600392518575049,0.722708874268074,-1.15777633956757,-1.41279314425144,0.586978999674393,0.660489091301435
"PKNOX2",0.427998094608128,0.549991570444388,-1.21401495763856,-1.33718389656106,0.87303444026131,0.700174748885723
