"Gene","WT 1","WT 2","KO 1","KO 2","DKO 1","DKO 2"
"SORCS2",0.998208670413609,1.08770338656927,-1.01091482317401,-1.32900597597613,0.124274104162481,0.129734638004787
"PAX7",1.32207461088457,1.14297841950158,-0.946721225298453,-0.938900740889968,-0.293789661151616,-0.285641403046112
"TTYH2",0.44097917038685,0.716561955199485,-1.24973060069237,-1.28869817074203,0.449527405014106,0.93136024083387
"RBFOX1",7.95862541068244e-05,1.28433769273275,-1.20193787285299,-1.15266384704607,0.487443918171289,0.582740522740918
"EPHB1",-0.199990394937838,-0.316697117879594,-0.898384050309907,-1.03003052726913,1.18799766424037,1.25710442615609
"CDON",-0.0812056133779814,-0.014474402296988,-1.07165245651481,-1.11375300920274,1.17684632358981,1.10423915780271
"RNF165",1.18247408070251,1.3088289704005,-0.973538980677688,-0.840281957370578,-0.39060073822249,-0.28688137483229
"NAV1",0.972833958383972,1.01532078753082,-1.23335135151539,-1.18650560008917,0.23292879730692,0.198773408382844
"PKNOX2",0.120319209837109,0.189803165504774,-1.19756500239659,-1.17520468021005,1.09037072668604,0.972276580578768
