"ONTOLOGY","ID","Description","GeneRatio","BgRatio","RichFactor","FoldEnrichment","zScore","pvalue","p.adjust","qvalue","geneID","Count","log2_OE","neglog10p","analysis_name","analysis_description","selection_criteria","thresholds","source_script","Description_clean","manual_order","Description_manual_text","Description_manual"
"BP","GO:0035914","skeletal muscle cell differentiation","3/8","83/18860",0.036144578313253,85.210843373494,15.8387012826108,4.52992568386796e-06,0.000446197679860994,0.000200270398655215,"PAX7/EPHB1/CDON",3,6.41296512493669,3.35047269229106,"Old/new shared rescued XIST-binding 9-gene GO analysis","GO enrichment analysis for the 9 genes that are XIST-binding and rescued in both old and new experiments.","Genes are XIST-binding, shared between old and new rescued gene lists, and overlap the full XIST-binding list.","Shared rescue gene selection used p.adj < 0.05 and absolute log2FC > 0.5; GO uses clusterProfiler::enrichGO with ont = ALL and BH correction.","Fig4H_shared_rescue_gene_GO.R","skeletal muscle cell differentiation",1,"skeletal muscle cell
differentiation","skeletal muscle cell
differentiation"
"BP","GO:0007519","skeletal muscle tissue development","3/8","183/18860",0.0163934426229508,38.6475409836066,10.5422717867814,4.85562405435675e-05,0.00297845687217453,0.00133684412109356,"PAX7/EPHB1/CDON",3,5.27230471799957,2.52600868407016,"Old/new shared rescued XIST-binding 9-gene GO analysis","GO enrichment analysis for the 9 genes that are XIST-binding and rescued in both old and new experiments.","Genes are XIST-binding, shared between old and new rescued gene lists, and overlap the full XIST-binding list.","Shared rescue gene selection used p.adj < 0.05 and absolute log2FC > 0.5; GO uses clusterProfiler::enrichGO with ont = ALL and BH correction.","Fig4H_shared_rescue_gene_GO.R","skeletal muscle tissue development",2,"skeletal muscle tissue
development","skeletal muscle tissue
development"
"BP","GO:0021953","central nervous system neuron
differentiation","3/8","245/18860",0.0122448979591837,28.8673469387755,9.04425408191246,0.000115562796172738,0.00455317416920588,0.00204363681652842,"PAX7/EPHB1/CDON",3,4.85136661728104,2.34168573662827,"Old/new shared rescued XIST-binding 9-gene GO analysis","GO enrichment analysis for the 9 genes that are XIST-binding and rescued in both old and new experiments.","Genes are XIST-binding, shared between old and new rescued gene lists, and overlap the full XIST-binding list.","Shared rescue gene selection used p.adj < 0.05 and absolute log2FC > 0.5; GO uses clusterProfiler::enrichGO with ont = ALL and BH correction.","Fig4H_shared_rescue_gene_GO.R","central nervous system neuron differentiation",3,"central nervous system neuron
differentiation","central nervous system neuron
differentiation"
"BP","GO:0061351","neural precursor cell proliferation","2/8","168/18860",0.0119047619047619,28.0654761904762,7.25885356555975,0.00213212938880409,0.0420029489594406,0.0188525124904783,"EPHB1/CDON",2,4.8107246327837,1.37672021741513,"Old/new shared rescued XIST-binding 9-gene GO analysis","GO enrichment analysis for the 9 genes that are XIST-binding and rescued in both old and new experiments.","Genes are XIST-binding, shared between old and new rescued gene lists, and overlap the full XIST-binding list.","Shared rescue gene selection used p.adj < 0.05 and absolute log2FC > 0.5; GO uses clusterProfiler::enrichGO with ont = ALL and BH correction.","Fig4H_shared_rescue_gene_GO.R","neural precursor cell proliferation",4,"neural precursor cell
proliferation","neural precursor cell
proliferation"
"BP","GO:0051962","positive regulation of nervous system
development","2/8","291/18860",0.00687285223367698,16.2027491408935,5.38393705628231,0.00624760749984027,0.0513418893004626,0.0230441822134056,"EPHB1/CDON",2,4.01816671265417,1.2895281540193,"Old/new shared rescued XIST-binding 9-gene GO analysis","GO enrichment analysis for the 9 genes that are XIST-binding and rescued in both old and new experiments.","Genes are XIST-binding, shared between old and new rescued gene lists, and overlap the full XIST-binding list.","Shared rescue gene selection used p.adj < 0.05 and absolute log2FC > 0.5; GO uses clusterProfiler::enrichGO with ont = ALL and BH correction.","Fig4H_shared_rescue_gene_GO.R","positive regulation of nervous system development",5,"positive regulation of nervous
system development","positive regulation of nervous
system development"
"BP","GO:0045165","cell fate commitment","2/8","304/18860",0.00657894736842105,15.5098684210526,5.25392286279337,0.00680043601757183,0.0513418893004626,0.0230441822134056,"PAX7/CDON",2,3.95511454211887,1.2895281540193,"Old/new shared rescued XIST-binding 9-gene GO analysis","GO enrichment analysis for the 9 genes that are XIST-binding and rescued in both old and new experiments.","Genes are XIST-binding, shared between old and new rescued gene lists, and overlap the full XIST-binding list.","Shared rescue gene selection used p.adj < 0.05 and absolute log2FC > 0.5; GO uses clusterProfiler::enrichGO with ont = ALL and BH correction.","Fig4H_shared_rescue_gene_GO.R","cell fate commitment",6,"cell fate commitment","cell fate commitment"
