"Gene","analysis_name","analysis_description","selection_criteria","thresholds","source_script"
"SORCS2","Old/new shared rescued XIST-binding 9-gene GO input","Input gene list for GO enrichment analysis of the 9 XIST-binding genes rescued in both old and new experiments.","Genes are XIST-binding, shared between old and new rescued gene lists, and overlap the full XIST-binding list.","Shared rescue gene selection used p.adj < 0.05 and absolute log2FC > 0.5.","Fig4H_shared_rescue_gene_GO.R"
"PAX7","Old/new shared rescued XIST-binding 9-gene GO input","Input gene list for GO enrichment analysis of the 9 XIST-binding genes rescued in both old and new experiments.","Genes are XIST-binding, shared between old and new rescued gene lists, and overlap the full XIST-binding list.","Shared rescue gene selection used p.adj < 0.05 and absolute log2FC > 0.5.","Fig4H_shared_rescue_gene_GO.R"
"TTYH2","Old/new shared rescued XIST-binding 9-gene GO input","Input gene list for GO enrichment analysis of the 9 XIST-binding genes rescued in both old and new experiments.","Genes are XIST-binding, shared between old and new rescued gene lists, and overlap the full XIST-binding list.","Shared rescue gene selection used p.adj < 0.05 and absolute log2FC > 0.5.","Fig4H_shared_rescue_gene_GO.R"
"RBFOX1","Old/new shared rescued XIST-binding 9-gene GO input","Input gene list for GO enrichment analysis of the 9 XIST-binding genes rescued in both old and new experiments.","Genes are XIST-binding, shared between old and new rescued gene lists, and overlap the full XIST-binding list.","Shared rescue gene selection used p.adj < 0.05 and absolute log2FC > 0.5.","Fig4H_shared_rescue_gene_GO.R"
"EPHB1","Old/new shared rescued XIST-binding 9-gene GO input","Input gene list for GO enrichment analysis of the 9 XIST-binding genes rescued in both old and new experiments.","Genes are XIST-binding, shared between old and new rescued gene lists, and overlap the full XIST-binding list.","Shared rescue gene selection used p.adj < 0.05 and absolute log2FC > 0.5.","Fig4H_shared_rescue_gene_GO.R"
"CDON","Old/new shared rescued XIST-binding 9-gene GO input","Input gene list for GO enrichment analysis of the 9 XIST-binding genes rescued in both old and new experiments.","Genes are XIST-binding, shared between old and new rescued gene lists, and overlap the full XIST-binding list.","Shared rescue gene selection used p.adj < 0.05 and absolute log2FC > 0.5.","Fig4H_shared_rescue_gene_GO.R"
"RNF165","Old/new shared rescued XIST-binding 9-gene GO input","Input gene list for GO enrichment analysis of the 9 XIST-binding genes rescued in both old and new experiments.","Genes are XIST-binding, shared between old and new rescued gene lists, and overlap the full XIST-binding list.","Shared rescue gene selection used p.adj < 0.05 and absolute log2FC > 0.5.","Fig4H_shared_rescue_gene_GO.R"
"NAV1","Old/new shared rescued XIST-binding 9-gene GO input","Input gene list for GO enrichment analysis of the 9 XIST-binding genes rescued in both old and new experiments.","Genes are XIST-binding, shared between old and new rescued gene lists, and overlap the full XIST-binding list.","Shared rescue gene selection used p.adj < 0.05 and absolute log2FC > 0.5.","Fig4H_shared_rescue_gene_GO.R"
"PKNOX2","Old/new shared rescued XIST-binding 9-gene GO input","Input gene list for GO enrichment analysis of the 9 XIST-binding genes rescued in both old and new experiments.","Genes are XIST-binding, shared between old and new rescued gene lists, and overlap the full XIST-binding list.","Shared rescue gene selection used p.adj < 0.05 and absolute log2FC > 0.5.","Fig4H_shared_rescue_gene_GO.R"
